employee_id,role,skill_level,gender,age_group,job_level,company_scope,work_location,remote_policy,remote_access_score,remote_flexibility_score,compensation_satisfaction,career_growth_score,work_life_balance_score,sense_of_belonging_score,team_cohesion_score,values_alignment_score,engagement_score,manager_support_score,communication_effectiveness,participates_in_team_events,uses_collab_tools_frequently,stress_level_score,family_life_impact_score,daily_work_hours,weekly_work_hours,overtime_hours_weekly,commute_time_minutes,promotion_received,salary_increase_received,tenure_years,tenure_level,intention_to_leave,actual_turnover,joined_remote_company,current_monthly_salary_eur,expected_monthly_salary_eur,international_offer_salary_eur,salary_gap_eur,salary_gap_percent,benefits_satisfaction_score,health_benefits_score,pension_benefits_score,bonus_satisfaction_score,training_budget_satisfaction,perceived_international_pay_advantage,long_term_stay_intention_score
EMP001,Engineer,Mid,Female,40-49,Junior,Local,Outside Lithuania,Hybrid,2.7,4.3,2.6,1.8,2.9,3.9,4.2,5.0,4.0,4.7,3.3,Yes,Yes,4.0,3.1,6.8,34.0,0.0,15.0,No,No,4.3,4-6 years,Yes,Stayed,No,1818.43,2032.21,2473.96,655.52,36.0,3.0,3.0,3.1,3.8,4.7,4.0,4.0
EMP002,Research Specialist,Expert,Male,30-39,Senior,Local,Lithuania,Mostly On-site,1.9,1.7,2.8,2.5,2.4,3.8,3.3,4.1,3.7,4.1,4.0,No,No,3.4,1.8,9.1,45.6,5.6,50.0,Yes,No,3.9,1-3 years,No,Stayed,No,4398.94,5421.88,6235.93,1836.99,41.8,4.2,3.0,3.9,2.7,2.8,5.0,4.5
EMP003,Research Specialist,Senior,Male,40-49,Mid,Local,Lithuania,Mostly On-site,2.1,2.3,3.6,3.1,2.0,3.4,4.4,3.1,3.2,2.4,3.7,No,Yes,5.0,1.8,7.9,39.4,0.0,19.0,No,No,5.0,4-6 years,No,Stayed,No,3005.7,3238.84,4580.47,1574.77,52.4,4.3,2.7,1.9,2.6,2.2,4.8,3.2
EMP004,Energy Analyst,Senior,Male,30-39,Mid,International,Lithuania,Hybrid,3.5,3.8,3.6,2.7,4.2,4.5,5.0,3.6,3.7,2.5,4.1,Yes,Yes,4.4,2.4,8.9,44.4,4.4,31.0,No,Yes,2.8,1-3 years,No,Stayed,No,2157.33,2465.05,2666.99,509.66,23.6,4.3,4.6,4.2,4.9,4.6,3.6,4.9
EMP005,Energy Analyst,Mid,Female,20-29,Senior,International,Lithuania,Full Remote,4.7,4.8,4.4,2.4,4.3,2.3,2.4,3.4,2.4,1.1,3.4,No,No,1.9,4.9,8.6,42.8,2.8,13.0,No,No,5.7,4-6 years,No,Stayed,No,3916.12,4524.71,5693.74,1777.63,45.4,4.8,3.9,4.5,4.3,4.3,4.3,5.0
EMP006,Project Manager,Senior,Male,50+,Junior,International,Outside Lithuania,Full Remote,3.6,4.6,3.1,2.0,4.6,3.3,2.4,2.8,3.0,3.5,4.3,Yes,Yes,1.0,5.0,8.4,41.8,1.8,7.0,No,Yes,4.3,4-6 years,No,Stayed,No,1938.28,2093.4,2172.26,233.98,12.1,3.9,3.6,3.5,3.1,5.0,3.7,5.0
EMP007,Project Manager,Mid,Male,30-39,Senior,International,Lithuania,Full Remote,4.9,5.0,3.0,2.4,5.0,4.0,3.3,3.3,2.2,3.0,2.8,Yes,Yes,1.8,4.5,8.8,43.9,3.9,3.0,No,Yes,1.6,1-3 years,No,Stayed,No,5735.81,5784.44,7201.67,1465.87,25.6,5.0,4.8,2.6,4.6,4.6,3.5,5.0
EMP008,Project Manager,Mid,Male,20-29,Senior,Local,Outside Lithuania,Mostly On-site,1.8,2.6,2.3,3.1,2.5,2.4,4.0,3.0,2.7,3.0,2.3,Yes,Yes,4.0,2.4,7.8,38.9,0.0,35.0,No,Yes,3.7,1-3 years,Yes,Stayed,No,5200.13,6503.43,5984.16,784.03,15.1,3.1,2.6,3.0,2.9,2.3,4.1,4.0
EMP009,Engineer,Expert,Male,30-39,Manager,International,Lithuania,Hybrid,3.9,4.1,3.8,2.6,4.0,4.2,3.1,3.5,4.9,4.7,4.2,No,Yes,3.3,3.4,8.1,40.3,0.3,32.0,No,No,4.9,4-6 years,No,Stayed,No,4123.19,5242.52,5570.76,1447.57,35.1,2.9,4.6,4.2,2.3,3.1,4.7,4.0
EMP010,Engineer,Mid,Female,40-49,Junior,Local,Lithuania,Mostly On-site,1.8,1.8,2.7,3.8,2.5,4.6,4.3,2.4,3.4,2.8,3.2,Yes,Yes,3.3,2.5,9.3,46.7,6.7,68.0,No,Yes,3.3,1-3 years,No,Stayed,No,2022.89,2376.95,3634.2,1611.31,79.7,3.0,3.4,4.7,3.4,3.2,4.6,2.7
EMP011,Engineer,Mid,Female,40-49,Mid,International,Lithuania,Full Remote,4.8,4.3,2.6,2.3,4.4,3.8,2.9,3.2,3.7,4.1,3.6,No,Yes,2.8,3.9,7.3,36.6,0.0,12.0,No,Yes,4.7,4-6 years,No,Stayed,No,2638.6,3635.1,3239.45,600.86,22.8,3.6,4.6,3.4,3.4,4.4,3.7,3.7
EMP012,Research Specialist,Expert,Female,20-29,Junior,Local,Lithuania,Mostly On-site,3.0,1.2,3.4,3.2,2.3,3.5,4.0,4.1,3.3,3.2,3.6,No,Yes,2.7,1.8,6.2,31.0,0.0,8.0,No,Yes,5.1,4-6 years,No,Left,Yes,1730.23,2130.58,2233.29,503.07,29.1,3.3,3.3,3.9,2.1,2.7,4.2,3.9
EMP013,Energy Analyst,Senior,Male,20-29,Manager,Local,Lithuania,Mostly On-site,2.2,1.7,3.1,2.6,2.6,3.2,4.5,3.2,3.5,3.6,2.9,Yes,Yes,3.3,2.2,9.3,46.4,6.4,63.0,Yes,Yes,4.7,4-6 years,No,Stayed,No,6261.69,7387.11,8848.74,2587.05,41.3,2.6,4.5,3.9,1.9,2.2,4.2,4.1
EMP014,Project Manager,Expert,Female,20-29,Junior,International,Outside Lithuania,Full Remote,4.6,5.0,2.0,2.5,4.8,3.4,2.6,3.3,2.5,3.1,2.6,No,Yes,1.1,4.4,9.2,45.9,5.9,13.0,No,Yes,6.1,4-6 years,No,Stayed,No,1834.17,2578.86,2683.83,849.66,46.3,4.3,4.2,3.3,4.4,3.9,3.8,4.0
EMP015,Energy Analyst,Mid,Female,50+,Junior,International,Lithuania,Full Remote,5.0,5.0,4.4,3.6,5.0,3.0,3.1,3.4,3.5,3.3,3.7,Yes,No,2.9,4.5,7.9,39.6,0.0,6.0,No,No,4.4,4-6 years,No,Stayed,No,1529.78,1859.74,2234.4,704.62,46.1,3.6,3.9,3.3,4.3,4.1,3.0,5.0
EMP016,Engineer,Mid,Male,30-39,Senior,International,Lithuania,Full Remote,4.7,5.0,3.5,1.9,4.8,3.6,3.1,4.1,2.9,3.1,1.9,No,No,3.0,4.3,6.9,34.3,0.0,2.0,No,Yes,3.0,1-3 years,No,Stayed,No,3687.6,3527.68,3776.62,89.02,2.4,3.5,4.5,3.6,3.3,3.7,3.0,4.5
EMP017,Engineer,Expert,Male,20-29,Mid,International,Lithuania,Hybrid,3.4,4.1,3.7,5.0,4.0,2.8,4.0,2.6,4.1,5.0,3.1,Yes,Yes,1.9,3.7,7.8,39.2,0.0,31.0,No,No,5.3,4-6 years,No,Stayed,No,3054.49,3789.86,3608.09,553.6,18.1,4.1,4.2,3.2,3.3,4.2,3.3,5.0
EMP018,Research Specialist,Expert,Male,40-49,Manager,Local,Lithuania,Hybrid,4.3,3.9,2.5,3.3,3.6,3.8,4.7,3.8,3.7,2.5,4.1,No,Yes,3.6,4.1,8.7,43.3,3.3,23.0,No,No,3.3,1-3 years,No,Left,No,5623.4,7070.65,9203.35,3579.96,63.7,3.1,3.6,3.9,3.0,2.6,4.4,3.1
EMP019,Research Specialist,Senior,Male,30-39,Junior,International,Lithuania,Hybrid,3.2,3.8,3.3,3.7,3.0,3.4,4.3,4.0,3.6,3.3,4.7,No,Yes,3.7,2.7,8.7,43.6,3.6,33.0,No,Yes,3.9,1-3 years,No,Stayed,No,1970.23,2586.23,2307.55,337.31,17.1,4.3,5.0,5.0,2.7,4.0,3.4,3.8
EMP020,Research Specialist,Mid,Male,20-29,Senior,International,Lithuania,Full Remote,4.4,4.3,2.8,3.8,3.3,3.3,3.4,3.2,3.9,3.3,3.3,No,Yes,4.1,3.3,8.4,41.9,1.9,4.0,Yes,No,3.8,1-3 years,No,Stayed,No,3946.25,4928.43,4750.36,804.11,20.4,3.8,4.1,3.7,3.4,4.3,3.0,5.0
EMP021,Energy Analyst,Senior,Female,50+,Manager,Local,Lithuania,Hybrid,3.3,5.0,3.6,2.5,3.7,3.7,3.2,4.1,4.0,3.3,5.0,Yes,Yes,3.7,4.3,9.9,49.4,9.4,33.0,No,No,4.7,4-6 years,No,Stayed,No,5083.9,5162.86,7912.66,2828.76,55.6,3.6,2.0,2.9,2.9,1.9,4.0,3.9
EMP022,Project Manager,Expert,Female,40-49,Senior,International,Lithuania,Full Remote,4.4,4.4,3.4,3.4,3.5,4.1,3.6,3.5,2.8,3.7,3.4,No,Yes,3.0,3.8,9.8,49.1,9.1,0.0,No,Yes,2.3,1-3 years,No,Stayed,No,3534.93,4456.74,4325.05,790.13,22.4,3.3,4.3,4.0,3.8,4.6,2.8,4.4
EMP023,Energy Analyst,Expert,Female,30-39,Mid,International,Lithuania,Full Remote,4.8,5.0,3.1,4.3,5.0,2.7,2.8,3.3,3.6,3.1,3.2,Yes,Yes,3.2,4.4,6.7,33.4,0.0,9.0,No,Yes,3.5,1-3 years,No,Stayed,No,2281.06,2533.25,2852.11,571.05,25.0,2.7,4.2,3.2,4.0,4.2,3.8,4.7
EMP024,Project Manager,Senior,Male,30-39,Junior,International,Lithuania,Hybrid,2.9,4.8,3.5,3.8,3.6,4.0,4.8,4.0,3.5,2.3,2.9,No,No,2.3,4.6,8.7,43.3,3.3,12.0,No,Yes,3.4,1-3 years,No,Stayed,No,2390.38,2377.77,2805.97,415.59,17.4,4.1,3.6,3.0,2.7,3.8,4.8,5.0
EMP025,Energy Analyst,Senior,Male,40-49,Manager,International,Lithuania,Hybrid,3.6,2.8,1.2,3.7,3.6,4.6,4.0,4.2,3.7,2.7,4.7,Yes,Yes,3.5,2.1,7.4,36.9,0.0,23.0,No,Yes,5.9,4-6 years,No,Stayed,No,5488.1,6484.85,7873.8,2385.7,43.5,4.3,4.2,5.0,4.6,4.3,3.4,3.9
EMP026,Research Specialist,Expert,Male,40-49,Senior,Local,Lithuania,Mostly On-site,2.1,2.1,2.6,1.9,3.2,2.7,3.3,3.0,3.8,3.3,4.5,Yes,Yes,3.0,2.6,9.1,45.4,5.4,46.0,No,No,3.0,1-3 years,Yes,Stayed,No,3781.52,4713.24,5469.87,1688.35,44.6,3.7,3.7,3.4,2.8,3.0,4.2,4.9
EMP027,Energy Analyst,Senior,Male,40-49,Junior,International,Lithuania,Full Remote,4.7,4.5,4.0,3.9,5.0,1.7,2.2,4.0,3.1,4.4,3.4,Yes,Yes,1.9,4.4,9.4,46.8,6.8,8.0,No,Yes,6.3,4-6 years,No,Stayed,No,2164.96,2677.72,2786.43,621.47,28.7,3.9,3.3,2.9,3.0,4.2,3.8,4.5
EMP028,Research Specialist,Senior,Male,50+,Mid,Local,Lithuania,Hybrid,4.2,4.0,2.9,3.1,3.9,4.2,4.5,3.2,2.7,2.2,4.0,Yes,Yes,2.9,2.8,8.3,41.5,1.5,53.0,No,No,3.2,1-3 years,No,Stayed,No,2937.86,3182.26,4482.51,1544.65,52.6,3.3,3.3,4.1,2.7,3.2,4.5,4.5
EMP029,Engineer,Senior,Male,30-39,Senior,Local,Outside Lithuania,Hybrid,3.2,4.0,1.0,2.9,3.3,3.6,4.1,4.1,3.8,3.2,4.0,Yes,Yes,3.5,3.3,8.9,44.3,4.3,15.0,No,Yes,3.0,1-3 years,Yes,Stayed,No,3881.97,4188.98,5596.82,1714.86,44.2,3.1,2.4,4.0,4.0,2.5,3.3,3.5
EMP030,Engineer,Senior,Male,30-39,Junior,International,Outside Lithuania,Full Remote,3.8,3.9,3.9,2.5,2.4,2.6,3.4,2.2,3.7,3.5,4.0,Yes,No,2.8,3.2,8.2,41.1,1.1,0.0,No,Yes,3.6,1-3 years,No,Stayed,No,1973.51,2559.88,2184.03,210.52,10.7,3.7,3.7,3.7,5.0,3.5,2.6,4.8
EMP031,Research Specialist,Senior,Male,30-39,Mid,Local,Lithuania,Hybrid,3.4,4.0,4.3,2.9,3.5,3.8,3.6,3.2,2.9,2.7,2.4,Yes,Yes,3.4,3.5,8.9,44.4,4.4,25.0,No,Yes,4.1,4-6 years,No,Stayed,No,2950.51,3162.64,3755.41,804.91,27.3,3.3,3.6,2.9,2.2,3.8,4.3,4.7
EMP032,Project Manager,Mid,Male,20-29,Mid,International,Lithuania,Full Remote,5.0,4.5,3.9,3.7,4.4,2.9,3.3,3.0,4.4,3.8,4.1,Yes,Yes,2.6,4.5,7.5,37.6,0.0,4.0,No,Yes,5.3,4-6 years,No,Stayed,No,3374.44,3961.85,3829.53,455.09,13.5,3.7,4.4,4.5,3.9,4.4,4.9,5.0
EMP033,Project Manager,Senior,Male,40-49,Manager,International,Lithuania,Full Remote,4.6,5.0,3.7,4.2,4.9,3.5,1.6,4.0,3.8,3.7,3.8,No,No,2.9,4.7,8.2,41.2,1.2,0.0,Yes,Yes,2.5,1-3 years,No,Stayed,No,6146.13,6825.91,5315.42,-830.72,-13.5,3.8,3.6,4.5,4.3,4.0,3.4,5.0
EMP034,Research Specialist,Senior,Male,40-49,Manager,Local,Lithuania,Mostly On-site,1.4,1.8,4.1,3.1,2.4,2.8,3.6,3.0,3.5,3.4,3.5,No,No,4.2,2.1,8.6,43.0,3.0,42.0,No,Yes,3.3,1-3 years,No,Left,No,4788.95,6409.82,8036.41,3247.46,67.8,4.2,3.8,3.3,2.1,2.7,5.0,4.9
EMP035,Energy Analyst,Senior,Male,30-39,Mid,International,Lithuania,Mostly On-site,1.7,1.4,3.9,2.2,1.2,2.9,2.5,3.2,3.8,3.6,3.5,Yes,Yes,3.6,1.6,8.7,43.6,3.6,40.0,No,No,3.6,1-3 years,No,Left,Yes,3159.9,3805.3,3561.79,401.89,12.7,3.9,4.0,4.0,5.0,4.8,3.4,5.0
EMP036,Research Specialist,Mid,Female,20-29,Mid,Local,Lithuania,Mostly On-site,2.7,2.2,4.8,2.9,2.0,2.7,3.7,3.2,4.1,4.7,2.9,Yes,No,3.9,2.2,11.0,55.0,15.0,40.0,Yes,Yes,3.5,1-3 years,No,Stayed,No,2711.65,2726.26,3772.36,1060.71,39.1,2.7,3.8,3.0,2.5,3.9,3.8,4.5
EMP037,Project Manager,Mid,Female,30-39,Senior,Local,Lithuania,Hybrid,3.0,3.6,2.6,2.2,2.5,3.1,4.2,3.7,4.0,4.9,2.3,Yes,No,3.7,2.7,8.1,40.3,0.3,9.0,No,No,4.6,4-6 years,No,Stayed,No,4845.84,5156.29,5851.46,1005.62,20.8,2.9,3.5,4.4,2.3,2.6,4.9,4.6
EMP038,Energy Analyst,Mid,Female,30-39,Senior,International,Lithuania,Full Remote,4.1,4.7,3.5,2.8,3.0,2.9,4.0,3.1,3.1,3.2,4.3,No,Yes,3.7,3.4,8.9,44.4,4.4,6.0,No,Yes,4.6,4-6 years,No,Stayed,No,3915.1,4462.03,4537.32,622.22,15.9,3.6,3.1,4.3,4.8,3.4,4.6,5.0
EMP039,Energy Analyst,Mid,Male,50+,Junior,Local,Lithuania,Hybrid,3.3,3.7,4.5,3.3,3.6,4.2,3.5,4.2,2.9,2.4,2.6,Yes,Yes,2.4,3.1,8.5,42.5,2.5,18.0,No,Yes,5.4,4-6 years,No,Stayed,No,1778.89,2052.64,2867.14,1088.25,61.2,3.2,3.2,3.8,2.3,3.7,4.6,4.4
EMP040,Research Specialist,Mid,Female,20-29,Mid,Local,Lithuania,Hybrid,2.9,4.8,3.0,3.1,4.2,3.2,4.0,4.3,3.2,3.6,4.3,Yes,Yes,2.7,4.5,7.5,37.3,0.0,36.0,No,No,3.1,1-3 years,No,Stayed,No,3120.35,3611.94,5011.44,1891.09,60.6,3.1,4.1,4.6,4.0,4.3,4.7,3.1
EMP041,Engineer,Mid,Female,40-49,Junior,International,Lithuania,Full Remote,4.9,4.0,1.0,2.5,5.0,2.0,1.3,3.9,4.1,3.7,3.8,Yes,Yes,1.4,3.5,8.6,42.8,2.8,4.0,No,No,4.1,4-6 years,No,Stayed,No,1859.19,2057.04,2209.62,350.43,18.8,4.5,3.8,4.3,3.5,4.7,3.8,4.4
EMP042,Research Specialist,Expert,Male,30-39,Mid,International,Outside Lithuania,Hybrid,3.2,4.3,2.4,1.3,3.3,3.7,3.3,3.6,3.5,3.3,3.1,No,Yes,2.6,4.1,8.3,41.5,1.5,44.0,Yes,Yes,3.9,1-3 years,No,Stayed,No,2905.22,3008.72,3491.74,586.52,20.2,4.4,4.2,4.4,4.1,3.9,4.0,4.3
EMP043,Engineer,Mid,Male,40-49,Junior,International,Lithuania,Full Remote,4.4,4.3,4.1,2.6,3.5,4.8,2.1,2.9,3.6,3.3,3.5,Yes,Yes,2.6,3.0,9.3,46.3,6.3,5.0,No,Yes,4.9,4-6 years,No,Stayed,No,1883.96,2186.74,2285.13,401.17,21.3,4.1,3.0,4.6,3.6,3.8,3.8,5.0
EMP044,Research Specialist,Senior,Male,30-39,Junior,Local,Lithuania,Mostly On-site,1.8,1.9,2.9,3.9,2.0,3.5,4.0,2.4,3.6,2.7,3.7,No,No,4.2,2.8,10.0,50.2,10.2,55.0,No,No,0.3,<1 year,No,Stayed,No,1481.52,1544.82,1953.53,472.01,31.9,2.6,3.0,3.4,2.5,1.4,4.7,4.2
EMP045,Engineer,Senior,Male,40-49,Junior,International,Lithuania,Full Remote,4.8,4.2,4.2,2.6,4.5,3.3,4.2,3.3,2.9,3.1,3.6,No,Yes,1.2,4.4,8.6,43.1,3.1,6.0,No,No,1.4,1-3 years,No,Stayed,No,1960.14,2359.3,1974.94,14.8,0.8,5.0,4.6,5.0,3.1,4.1,4.2,5.0
EMP046,Research Specialist,Expert,Male,40-49,Manager,Local,Outside Lithuania,Hybrid,3.9,3.9,2.9,3.9,4.2,3.3,4.1,3.1,3.7,3.1,4.2,Yes,Yes,2.8,3.8,6.1,30.7,0.0,33.0,Yes,Yes,3.1,1-3 years,No,Stayed,No,5935.08,7033.93,8768.65,2833.57,47.7,2.7,3.7,4.1,3.5,4.0,4.7,4.7
EMP047,Energy Analyst,Senior,Male,40-49,Junior,Local,Lithuania,Hybrid,3.1,4.2,3.1,3.8,4.3,4.1,3.7,2.7,3.2,3.2,3.1,No,Yes,2.0,4.0,8.4,42.2,2.2,19.0,No,Yes,6.5,4-6 years,No,Stayed,No,1712.2,2320.41,2041.92,329.72,19.3,2.6,3.8,4.0,3.2,4.0,4.2,5.0
EMP048,Energy Analyst,Senior,Female,30-39,Mid,Local,Lithuania,Hybrid,3.1,3.2,4.2,2.8,2.9,4.2,3.6,4.3,3.6,3.4,4.3,No,Yes,2.2,3.7,8.2,41.1,1.1,36.0,No,Yes,3.8,1-3 years,No,Stayed,No,2777.98,2901.49,4714.93,1936.95,69.7,4.5,2.5,3.9,2.2,3.2,4.3,4.7
EMP049,Engineer,Senior,Female,30-39,Senior,Local,Lithuania,Hybrid,3.6,3.4,2.9,3.7,4.0,4.2,4.4,3.6,4.2,3.6,3.4,Yes,Yes,3.5,2.7,7.3,36.4,0.0,44.0,No,Yes,5.8,4-6 years,No,Stayed,No,5175.56,6212.37,7647.3,2471.74,47.8,3.4,4.4,3.7,2.4,3.2,4.2,4.6
EMP050,Project Manager,Senior,Female,40-49,Senior,International,Lithuania,Full Remote,4.4,4.3,3.4,3.8,3.8,3.5,3.6,1.6,2.8,3.2,3.5,Yes,Yes,1.0,4.3,8.6,42.8,2.8,10.0,No,No,5.1,4-6 years,No,Stayed,No,4427.15,5241.22,5294.36,867.2,19.6,4.3,4.1,3.7,3.4,3.9,3.3,4.7
EMP051,Energy Analyst,Expert,Male,30-39,Senior,Local,Lithuania,Mostly On-site,2.8,2.6,2.6,2.4,3.6,4.1,3.8,3.7,4.0,3.4,2.7,Yes,No,2.2,3.2,9.6,48.0,8.0,45.0,No,Yes,2.8,1-3 years,No,Stayed,No,3777.3,3365.37,5516.46,1739.16,46.0,3.2,3.5,4.6,2.0,3.2,3.8,3.8
EMP052,Project Manager,Expert,Female,40-49,Manager,International,Outside Lithuania,Mostly On-site,2.3,2.4,3.0,3.6,1.4,2.9,4.0,4.5,3.2,3.3,3.6,Yes,No,5.0,2.1,8.6,43.1,3.1,33.0,No,No,4.8,4-6 years,No,Stayed,No,5642.7,6909.03,6921.26,1278.57,22.7,3.7,4.1,5.0,3.7,4.0,3.2,4.4
EMP053,Project Manager,Senior,Other/Prefer not to say,30-39,Senior,Local,Lithuania,Mostly On-site,2.3,1.5,1.9,3.4,3.0,2.3,3.2,3.4,3.7,4.1,3.5,No,No,3.3,2.4,9.2,46.0,6.0,53.0,No,Yes,2.3,1-3 years,Yes,Stayed,No,4895.21,4941.35,7575.21,2680.0,54.7,2.7,2.8,4.0,1.6,3.1,4.1,2.9
EMP054,Engineer,Mid,Male,20-29,Junior,International,Lithuania,Mostly On-site,2.5,1.4,2.5,4.0,2.7,3.4,4.4,2.8,3.4,4.1,4.0,No,No,2.8,1.7,6.3,31.5,0.0,32.0,No,Yes,4.3,4-6 years,No,Left,Yes,2326.83,2808.13,2391.96,65.13,2.8,3.6,4.2,4.9,4.2,4.4,3.3,5.0
EMP055,Engineer,Senior,Female,20-29,Junior,International,Lithuania,Hybrid,3.4,3.1,4.2,4.3,2.1,3.7,2.7,2.2,3.8,3.2,3.8,No,Yes,3.3,3.5,8.2,40.8,0.8,33.0,No,Yes,5.5,4-6 years,No,Stayed,No,1992.81,2375.54,2973.94,981.13,49.2,4.2,5.0,2.4,4.8,4.1,2.3,4.6
EMP056,Project Manager,Senior,Male,40-49,Manager,Local,Lithuania,Mostly On-site,2.0,1.3,1.8,4.0,1.2,3.1,3.6,3.0,3.9,4.8,3.1,Yes,No,4.6,1.3,8.0,40.1,0.1,27.0,No,Yes,4.9,4-6 years,No,Stayed,No,6975.5,7668.11,10965.43,3989.94,57.2,2.3,3.8,4.6,2.5,2.8,4.0,2.2
EMP057,Research Specialist,Mid,Male,30-39,Senior,International,Lithuania,Full Remote,5.0,4.2,2.5,2.7,5.0,3.1,2.5,4.2,4.1,4.2,2.2,Yes,Yes,2.3,3.8,8.8,44.0,4.0,6.0,No,Yes,5.5,4-6 years,No,Stayed,No,5550.6,6772.47,6118.12,567.51,10.2,3.1,4.8,3.9,3.5,4.5,3.6,4.9
EMP058,Energy Analyst,Senior,Female,40-49,Manager,International,Lithuania,Full Remote,4.3,5.0,3.8,2.6,4.8,3.2,2.9,2.7,2.9,2.9,3.0,No,Yes,1.5,4.6,7.1,35.6,0.0,14.0,No,Yes,3.4,1-3 years,No,Stayed,No,4838.05,5984.26,5921.48,1083.43,22.4,4.3,4.3,3.8,4.4,4.4,2.8,5.0
EMP059,Research Specialist,Expert,Male,20-29,Senior,International,Lithuania,Full Remote,4.7,5.0,3.3,2.7,5.0,4.2,3.1,2.3,3.4,2.3,4.7,Yes,Yes,1.6,4.8,9.1,45.6,5.6,5.0,No,Yes,2.2,1-3 years,No,Stayed,No,4800.17,5470.22,5684.07,883.9,18.4,4.0,3.6,4.3,4.6,4.1,4.6,5.0
EMP060,Energy Analyst,Expert,Female,30-39,Senior,International,Lithuania,Hybrid,3.4,5.0,2.9,3.7,4.3,4.1,4.3,4.9,3.5,3.8,3.0,Yes,Yes,3.1,4.2,7.6,38.0,0.0,27.0,No,Yes,3.5,1-3 years,Yes,Stayed,No,4691.81,6534.15,6061.1,1369.28,29.2,3.3,4.1,3.4,3.0,4.1,3.5,4.9
EMP061,Project Manager,Senior,Male,20-29,Mid,Local,Lithuania,Hybrid,3.5,4.2,3.6,3.2,3.5,4.5,4.3,4.3,3.8,2.9,4.8,No,No,2.8,4.0,9.6,47.8,7.8,24.0,No,Yes,5.8,4-6 years,No,Stayed,No,3573.72,4482.94,5578.6,2004.88,56.1,3.0,4.5,3.3,3.2,2.7,3.9,5.0
EMP062,Research Specialist,Mid,Female,40-49,Mid,International,Lithuania,Full Remote,4.2,4.4,3.8,2.5,3.8,2.5,3.0,2.8,3.5,4.1,4.5,Yes,Yes,1.1,4.2,8.6,42.8,2.8,11.0,No,No,5.1,4-6 years,No,Stayed,No,3151.25,3650.36,3992.12,840.86,26.7,3.6,4.1,4.1,4.9,4.6,4.3,5.0
EMP063,Engineer,Mid,Female,30-39,Mid,International,Lithuania,Mostly On-site,3.1,1.0,4.6,2.0,2.5,4.3,3.9,3.8,3.9,3.8,4.7,Yes,Yes,3.0,1.9,8.8,44.2,4.2,32.0,No,No,3.8,1-3 years,No,Stayed,No,3049.81,3462.75,3825.5,775.68,25.4,5.0,5.0,4.6,4.4,4.3,2.6,5.0
EMP064,Project Manager,Senior,Female,30-39,Junior,Local,Lithuania,Hybrid,3.3,3.8,4.2,3.5,3.5,3.5,4.3,3.3,3.9,4.3,3.0,No,Yes,1.9,4.1,8.5,42.7,2.7,19.0,No,No,6.8,4-6 years,No,Stayed,No,2045.82,2625.79,2709.55,663.73,32.4,4.2,3.0,2.2,3.4,2.0,4.7,5.0
EMP065,Energy Analyst,Senior,Male,20-29,Senior,International,Lithuania,Full Remote,4.3,4.0,5.0,2.8,2.7,2.9,3.9,3.2,3.6,4.2,3.4,Yes,No,2.0,4.0,9.2,45.8,5.8,12.0,No,No,4.7,4-6 years,No,Stayed,No,4247.96,5155.91,4779.57,531.61,12.5,4.5,4.4,3.0,3.6,4.2,3.3,5.0
EMP066,Project Manager,Senior,Female,30-39,Mid,International,Lithuania,Hybrid,2.5,3.7,3.4,3.3,3.3,4.1,3.7,3.6,3.8,2.9,4.3,Yes,No,3.5,3.3,9.0,44.9,4.9,15.0,No,Yes,3.6,1-3 years,Yes,Stayed,No,3149.51,3077.11,3626.78,477.27,15.2,4.2,4.3,3.4,3.8,3.9,3.2,5.0
EMP067,Energy Analyst,Senior,Female,30-39,Executive,International,Lithuania,Full Remote,4.6,4.5,4.0,2.1,4.5,4.2,3.0,2.4,3.3,3.4,4.3,No,Yes,2.8,4.1,8.6,43.1,3.1,3.0,No,No,7.1,7+ years,No,Stayed,No,6037.65,8214.72,6940.58,902.93,15.0,4.4,3.1,3.9,3.2,4.2,3.5,5.0
EMP068,Energy Analyst,Senior,Female,20-29,Executive,Local,Lithuania,Mostly On-site,1.8,2.6,4.0,2.3,2.7,2.7,3.9,2.9,3.5,3.8,3.3,No,Yes,1.9,3.1,11.0,55.1,15.1,23.0,No,No,2.7,1-3 years,Yes,Left,Yes,6705.98,8060.59,8386.45,1680.47,25.1,2.8,4.2,3.6,2.2,3.3,4.6,4.0
EMP069,Research Specialist,Senior,Female,20-29,Senior,International,Lithuania,Full Remote,4.0,4.7,4.4,3.7,4.9,3.1,4.2,3.5,4.2,4.5,3.0,No,Yes,2.7,4.0,7.8,38.9,0.0,9.0,No,No,3.9,1-3 years,No,Stayed,No,3765.38,4037.47,4764.52,999.14,26.5,3.8,5.0,3.5,4.1,3.5,4.3,5.0
EMP070,Energy Analyst,Expert,Female,40-49,Junior,International,Lithuania,Mostly On-site,2.5,2.6,4.4,2.4,2.9,3.5,3.7,3.6,4.1,3.4,3.8,Yes,No,3.7,2.9,10.3,51.3,11.3,42.0,No,No,3.5,1-3 years,No,Left,No,1607.92,2009.35,2083.11,475.19,29.6,4.5,4.8,3.4,3.7,3.4,3.4,4.7
EMP071,Project Manager,Mid,Female,50+,Senior,Local,Lithuania,Mostly On-site,1.5,2.0,2.3,2.7,2.2,3.0,4.3,3.1,3.8,4.7,3.3,No,No,4.3,2.1,8.3,41.4,1.4,65.0,No,No,3.2,1-3 years,Yes,Stayed,No,4797.23,5319.62,5779.05,981.82,20.5,3.5,2.9,4.0,4.0,1.6,5.0,4.1
EMP072,Research Specialist,Mid,Male,40-49,Junior,International,Lithuania,Full Remote,4.0,4.3,5.0,1.6,4.3,2.9,3.4,2.9,2.9,3.6,3.4,Yes,Yes,2.7,3.8,8.3,41.6,1.6,6.0,No,No,4.4,4-6 years,No,Stayed,No,1466.89,1528.79,1911.17,444.27,30.3,4.3,4.3,2.5,3.7,4.8,3.3,4.9
EMP073,Project Manager,Senior,Male,20-29,Mid,International,Lithuania,Full Remote,4.2,4.0,3.6,3.6,3.4,1.8,3.9,2.7,3.6,4.6,3.6,Yes,Yes,2.3,3.8,8.6,42.9,2.9,14.0,Yes,No,2.0,1-3 years,No,Stayed,No,3378.21,3955.2,4110.84,732.63,21.7,3.9,4.0,4.3,3.8,4.2,4.1,5.0
EMP074,Research Specialist,Senior,Female,40-49,Senior,Local,Lithuania,Mostly On-site,2.2,3.1,2.7,4.6,2.5,4.7,3.4,3.3,3.9,3.6,4.5,Yes,No,4.8,2.8,8.4,41.8,1.8,70.0,Yes,No,4.7,4-6 years,No,Left,No,4756.45,6187.02,6321.38,1564.92,32.9,5.0,1.5,4.0,1.5,2.8,4.2,4.5
EMP075,Energy Analyst,Senior,Male,30-39,Mid,Local,Outside Lithuania,Mostly On-site,1.9,1.4,3.0,3.8,2.2,4.4,3.4,3.1,3.5,3.9,3.2,Yes,Yes,4.7,1.4,6.2,30.8,0.0,48.0,No,Yes,5.0,4-6 years,No,Left,Yes,2746.82,3125.81,3834.91,1088.09,39.6,3.5,3.9,2.7,2.3,2.2,5.0,4.2
EMP076,Engineer,Expert,Male,20-29,Mid,International,Outside Lithuania,Mostly On-site,1.9,1.8,2.9,2.2,1.6,2.7,3.8,4.4,3.5,3.1,3.9,Yes,Yes,1.3,2.7,7.8,39.0,0.0,60.0,No,Yes,4.3,4-6 years,Yes,Stayed,No,2935.88,3082.03,3569.46,633.58,21.6,3.9,3.9,3.2,4.3,3.5,4.2,3.9
EMP077,Research Specialist,Senior,Male,20-29,Junior,International,Lithuania,Mostly On-site,2.2,1.6,3.3,1.7,1.0,4.7,4.4,5.0,3.3,3.5,3.3,Yes,Yes,5.0,1.0,6.0,30.0,0.0,67.0,No,No,3.9,1-3 years,No,Stayed,No,1511.41,1780.98,1837.85,326.44,21.6,3.5,2.5,4.1,3.1,4.5,4.1,5.0
EMP078,Energy Analyst,Mid,Female,30-39,Manager,International,Lithuania,Full Remote,4.1,4.6,1.4,2.1,5.0,2.0,3.2,3.9,3.3,3.6,4.3,Yes,Yes,2.1,5.0,9.4,47.0,7.0,9.0,Yes,Yes,5.4,4-6 years,No,Stayed,No,4158.79,5033.49,5430.86,1272.06,30.6,3.9,4.5,4.1,3.4,4.3,2.4,4.2
EMP079,Energy Analyst,Expert,Female,20-29,Mid,Local,Lithuania,Hybrid,3.4,3.6,4.0,3.5,3.5,3.1,4.0,3.8,3.9,3.2,4.4,Yes,Yes,1.9,3.3,6.0,30.0,0.0,33.0,No,No,6.0,4-6 years,No,Left,Yes,2777.99,3270.08,4025.8,1247.81,44.9,3.1,4.1,3.3,1.3,2.9,3.1,5.0
EMP080,Energy Analyst,Senior,Male,30-39,Mid,International,Lithuania,Full Remote,4.3,4.7,3.0,5.0,4.0,2.3,3.2,4.0,4.6,4.0,2.7,Yes,Yes,2.2,4.4,7.0,35.0,0.0,10.0,No,Yes,1.7,1-3 years,No,Stayed,No,3081.01,3727.63,3770.79,689.78,22.4,4.2,4.7,3.3,4.9,3.9,5.0,4.8
EMP081,Project Manager,Senior,Male,40-49,Mid,Local,Lithuania,Mostly On-site,1.5,2.8,4.4,3.0,1.8,3.8,3.7,2.9,4.0,2.8,2.0,Yes,Yes,3.5,2.4,9.5,47.7,7.7,12.0,No,Yes,3.0,1-3 years,No,Left,Yes,2999.89,3482.42,3855.07,855.18,28.5,2.4,3.4,3.2,3.5,3.4,3.7,4.2
EMP082,Research Specialist,Mid,Male,50+,Mid,Local,Lithuania,Hybrid,3.4,3.9,3.5,3.0,2.9,4.5,4.2,3.3,3.8,3.9,3.0,Yes,Yes,3.6,3.1,7.4,37.0,0.0,16.0,No,Yes,3.4,1-3 years,No,Stayed,No,3005.89,3076.62,4421.36,1415.47,47.1,4.3,3.3,3.1,3.6,2.9,3.7,5.0
EMP083,Project Manager,Senior,Female,20-29,Senior,Local,Lithuania,Hybrid,3.5,3.8,2.9,2.8,2.9,3.8,3.7,4.0,3.2,4.1,3.2,Yes,Yes,3.2,3.7,8.7,43.6,3.6,21.0,No,Yes,3.6,1-3 years,No,Stayed,No,5079.88,5724.27,6627.75,1547.87,30.5,3.6,2.4,4.2,2.6,2.3,3.9,4.3
EMP084,Energy Analyst,Mid,Female,20-29,Senior,International,Lithuania,Full Remote,4.3,4.6,3.3,2.7,3.7,2.4,3.2,2.4,3.4,1.7,3.4,No,Yes,2.6,4.3,9.1,45.3,5.3,0.0,No,No,3.8,1-3 years,No,Stayed,No,3497.51,4197.96,3999.01,501.5,14.3,4.4,4.6,3.0,5.0,3.8,2.8,4.9
EMP085,Project Manager,Expert,Female,40-49,Mid,Local,Lithuania,Hybrid,3.7,3.5,5.0,3.1,3.1,2.8,5.0,3.6,3.2,2.5,2.9,Yes,No,3.6,3.5,8.7,43.7,3.7,49.0,Yes,Yes,3.1,1-3 years,No,Stayed,No,2738.73,3162.35,3534.36,795.63,29.1,2.3,3.8,2.8,2.3,2.9,3.3,4.8
EMP086,Research Specialist,Mid,Female,30-39,Senior,Local,Lithuania,Hybrid,2.4,3.9,2.0,3.2,2.7,2.5,4.6,4.3,4.0,3.7,4.4,No,Yes,2.7,4.0,8.2,40.9,0.9,33.0,No,Yes,2.6,1-3 years,No,Stayed,No,4579.76,6239.82,6544.97,1965.21,42.9,2.2,3.6,2.9,2.4,2.3,3.7,4.1
EMP087,Engineer,Senior,Female,40-49,Mid,Local,Lithuania,Mostly On-site,2.5,3.0,3.3,2.3,2.9,3.8,3.1,3.2,3.4,3.2,2.6,Yes,Yes,3.7,2.6,6.9,34.3,0.0,63.0,No,Yes,5.4,4-6 years,No,Stayed,No,3255.66,3688.1,4654.96,1399.3,43.0,4.2,3.7,3.4,2.3,3.7,4.1,4.2
EMP088,Energy Analyst,Senior,Male,20-29,Mid,Local,Lithuania,Hybrid,3.6,3.4,2.2,3.0,3.3,3.6,3.6,4.3,3.4,3.2,4.1,No,No,1.7,3.9,8.3,41.3,1.3,41.0,No,No,5.2,4-6 years,No,Left,No,2418.84,2750.49,3832.57,1413.73,58.4,5.0,3.4,2.8,2.9,3.8,3.9,4.1
EMP089,Research Specialist,Senior,Male,30-39,Manager,International,Lithuania,Mostly On-site,2.4,3.3,3.8,4.2,2.9,3.5,4.1,4.8,2.8,3.0,3.3,Yes,Yes,2.2,3.8,9.5,47.4,7.4,23.0,No,Yes,2.3,1-3 years,No,Stayed,No,6055.98,6185.12,7038.92,982.94,16.2,4.5,3.6,4.4,4.1,4.2,3.8,5.0
EMP090,Engineer,Senior,Female,30-39,Senior,Local,Lithuania,Hybrid,2.9,3.6,4.7,3.7,2.4,3.8,3.9,3.6,3.6,2.5,3.3,Yes,Yes,2.9,3.7,9.5,47.4,7.4,5.0,No,Yes,3.6,1-3 years,No,Stayed,No,4702.84,6092.8,6380.53,1677.7,35.7,3.1,3.9,3.5,2.1,2.0,3.4,5.0
EMP091,Energy Analyst,Senior,Male,20-29,Senior,International,Lithuania,Full Remote,4.2,4.8,3.4,3.8,4.1,3.2,1.9,2.9,3.2,2.6,3.7,Yes,Yes,2.6,4.2,9.2,46.0,6.0,0.0,Yes,No,4.8,4-6 years,No,Left,No,4394.55,5453.17,5251.66,857.11,19.5,4.4,4.5,4.5,4.0,4.8,3.0,5.0
EMP092,Project Manager,Mid,Male,20-29,Manager,Local,Lithuania,Mostly On-site,2.0,2.2,2.3,1.9,1.5,2.7,3.8,2.9,3.5,3.5,2.2,Yes,Yes,2.8,3.0,8.3,41.5,1.5,42.0,No,Yes,2.3,1-3 years,Yes,Stayed,No,5365.38,5955.62,7590.13,2224.76,41.5,2.2,2.1,3.2,2.8,2.7,3.6,3.3
EMP093,Engineer,Senior,Male,40-49,Senior,International,Lithuania,Mostly On-site,3.3,2.6,4.0,1.7,2.9,3.9,3.7,4.0,4.8,3.6,4.1,No,Yes,4.0,2.4,9.2,46.1,6.1,48.0,No,No,1.4,1-3 years,No,Stayed,No,3399.4,4287.61,3297.97,-101.43,-3.0,4.2,2.9,3.0,3.6,3.8,3.6,5.0
EMP094,Research Specialist,Senior,Female,30-39,Manager,Local,Outside Lithuania,Hybrid,3.9,3.9,5.0,2.6,3.3,3.7,4.3,4.5,3.7,3.8,3.5,No,Yes,3.9,3.8,7.6,38.2,0.0,37.0,No,Yes,3.9,1-3 years,No,Stayed,No,5302.54,5792.55,6095.37,792.83,15.0,3.8,2.8,3.4,3.5,3.2,4.2,4.1
EMP095,Energy Analyst,Expert,Other/Prefer not to say,40-49,Senior,Local,Lithuania,Mostly On-site,1.7,1.7,5.0,2.7,3.2,2.8,4.1,3.7,3.0,3.2,3.6,Yes,Yes,2.8,2.2,8.6,42.8,2.8,42.0,No,No,3.9,1-3 years,No,Stayed,No,4818.48,4874.89,7074.28,2255.8,46.8,5.0,3.9,4.3,3.9,1.0,4.6,4.6
EMP096,Research Specialist,Expert,Male,30-39,Senior,Local,Outside Lithuania,Hybrid,3.3,4.5,1.0,2.7,4.2,4.1,4.2,3.5,3.9,3.9,3.0,Yes,Yes,2.4,4.4,7.7,38.3,0.0,30.0,No,No,1.7,1-3 years,Yes,Left,Yes,4360.81,4749.7,5948.48,1587.66,36.4,4.1,3.5,3.0,4.4,3.0,4.8,4.0
EMP097,Engineer,Mid,Female,40-49,Mid,Local,Lithuania,Hybrid,2.5,3.4,3.9,2.6,3.7,4.5,3.9,4.2,4.2,3.3,4.2,No,No,2.4,3.1,7.7,38.7,0.0,30.0,Yes,Yes,4.0,4-6 years,Yes,Stayed,No,3394.02,3786.85,4525.66,1131.64,33.3,2.7,3.5,4.3,1.9,2.2,4.0,3.6
EMP098,Engineer,Senior,Female,30-39,Junior,Local,Lithuania,Hybrid,3.5,4.2,3.1,4.7,3.0,2.7,4.4,3.3,3.8,3.0,3.4,Yes,Yes,2.4,4.3,7.8,39.0,0.0,19.0,No,Yes,4.6,4-6 years,No,Stayed,No,1706.49,1997.4,1662.35,-44.13,-2.6,2.6,4.1,3.9,2.7,3.0,3.9,5.0
EMP099,Energy Analyst,Senior,Male,40-49,Senior,International,Lithuania,Full Remote,5.0,4.6,3.8,3.1,3.9,3.5,2.5,2.6,3.1,3.4,4.4,Yes,Yes,2.9,4.6,8.1,40.7,0.7,4.0,No,No,2.4,1-3 years,No,Stayed,No,4007.08,4767.8,4391.66,384.58,9.6,4.4,3.6,2.8,3.7,4.8,3.6,5.0
EMP100,Energy Analyst,Mid,Male,40-49,Manager,International,Lithuania,Full Remote,4.8,4.1,3.9,3.5,4.6,2.9,2.7,2.5,3.6,4.3,3.3,Yes,No,3.1,3.5,8.3,41.3,1.3,0.0,No,Yes,2.7,1-3 years,No,Left,Yes,4778.03,5425.33,5210.74,432.71,9.1,3.6,4.8,3.1,5.0,3.8,4.2,5.0
EMP101,Engineer,Mid,Male,20-29,Mid,International,Lithuania,Full Remote,4.6,4.5,3.2,3.1,3.1,2.9,3.9,3.6,3.1,3.2,4.8,Yes,No,3.6,3.8,8.3,41.7,1.7,6.0,No,Yes,6.2,4-6 years,No,Stayed,No,3372.36,4297.92,4185.58,813.21,24.1,4.4,4.3,3.5,3.6,3.8,2.6,4.8
EMP102,Engineer,Mid,Female,50+,Mid,International,Lithuania,Hybrid,4.6,3.5,2.7,2.6,4.2,5.0,3.5,3.5,4.2,3.8,3.8,Yes,Yes,2.2,2.6,8.0,39.8,0.0,28.0,No,No,0.5,<1 year,No,Left,Yes,3485.56,4046.92,3636.96,151.4,4.3,2.2,4.4,3.9,3.1,3.7,3.0,4.2
EMP103,Energy Analyst,Mid,Female,40-49,Senior,International,Lithuania,Hybrid,4.7,3.5,3.9,3.3,3.7,3.8,3.8,3.5,3.5,3.7,3.1,No,Yes,3.6,2.3,9.1,45.4,5.4,25.0,No,Yes,4.9,4-6 years,No,Stayed,No,3746.18,4672.27,4717.23,971.05,25.9,3.5,4.5,3.6,3.7,4.2,2.8,5.0
EMP104,Energy Analyst,Senior,Male,20-29,Executive,International,Lithuania,Hybrid,4.0,4.1,1.4,2.1,4.3,3.7,3.6,2.9,2.8,2.1,3.5,No,Yes,3.0,3.3,8.0,40.0,0.0,24.0,Yes,Yes,3.6,1-3 years,No,Left,No,8758.29,11393.77,9185.79,427.51,4.9,4.7,4.6,3.3,4.0,4.0,3.8,4.9
EMP105,Research Specialist,Mid,Female,40-49,Junior,Local,Lithuania,Mostly On-site,2.6,1.9,4.1,1.5,2.1,3.0,4.5,3.2,2.9,3.7,3.3,Yes,No,3.4,1.9,9.4,47.2,7.2,45.0,Yes,Yes,1.5,1-3 years,No,Stayed,No,1731.36,2018.92,2607.92,876.56,50.6,3.4,3.3,2.7,2.8,3.2,4.5,3.4
EMP106,Project Manager,Senior,Male,30-39,Senior,International,Lithuania,Full Remote,3.5,4.1,2.4,2.1,3.8,2.5,3.3,3.7,3.9,3.2,3.8,Yes,Yes,1.6,4.4,8.3,41.7,1.7,5.0,Yes,No,3.8,1-3 years,Yes,Stayed,No,5825.99,6934.93,5539.15,-286.84,-4.9,4.1,3.9,3.7,3.3,4.4,2.4,4.6
EMP107,Engineer,Mid,Male,30-39,Mid,Local,Lithuania,Hybrid,4.1,3.2,1.0,3.6,3.6,3.7,4.0,2.9,2.9,3.8,4.5,Yes,Yes,3.1,2.7,8.1,40.6,0.6,21.0,No,No,3.3,1-3 years,No,Stayed,No,3358.06,3806.56,4882.06,1524.0,45.4,5.0,4.2,4.1,2.3,3.4,5.0,3.8
EMP108,Project Manager,Mid,Male,20-29,Executive,Local,Lithuania,Mostly On-site,3.0,2.8,2.2,3.3,2.5,3.7,3.4,2.3,2.7,3.7,3.2,Yes,No,2.9,3.2,7.6,38.1,0.0,68.0,No,No,2.5,1-3 years,No,Left,Yes,7720.98,8201.02,11388.61,3667.63,47.5,2.1,3.6,3.9,3.4,1.5,3.8,3.4
EMP109,Research Specialist,Senior,Female,20-29,Executive,International,Lithuania,Full Remote,4.5,4.4,4.2,3.3,4.5,3.8,2.3,3.9,2.5,3.0,3.7,Yes,Yes,3.1,3.9,8.8,44.0,4.0,9.0,Yes,No,5.4,4-6 years,No,Left,Yes,8310.51,9161.62,9391.88,1081.37,13.0,4.1,3.8,4.1,4.6,4.5,3.7,5.0
EMP110,Research Specialist,Senior,Male,20-29,Senior,International,Lithuania,Full Remote,4.7,4.8,1.5,3.2,4.6,2.2,2.4,3.8,3.1,3.7,3.5,Yes,Yes,2.0,4.4,7.7,38.5,0.0,12.0,No,No,2.9,1-3 years,No,Stayed,No,4383.96,5637.15,5475.17,1091.2,24.9,4.1,4.3,3.2,3.5,3.9,3.5,4.2
EMP111,Energy Analyst,Mid,Female,20-29,Mid,International,Lithuania,Full Remote,4.4,4.4,3.0,2.1,4.6,2.3,2.6,3.4,2.5,3.1,1.5,Yes,No,2.4,4.1,7.5,37.6,0.0,0.0,No,Yes,4.3,4-6 years,No,Stayed,No,2639.06,2932.07,3772.07,1133.0,42.9,3.8,4.4,3.0,3.1,4.5,4.4,3.3
EMP112,Engineer,Mid,Female,40-49,Executive,International,Outside Lithuania,Full Remote,5.0,4.5,2.7,2.4,4.4,2.1,4.4,2.8,3.5,3.6,2.9,No,Yes,3.0,4.2,8.4,42.1,2.1,2.0,No,No,4.1,4-6 years,No,Stayed,No,8643.88,9933.45,11166.96,2523.08,29.2,3.7,3.6,3.4,4.0,4.5,2.2,4.5
EMP113,Energy Analyst,Expert,Female,30-39,Junior,Local,Lithuania,Mostly On-site,1.0,1.3,2.4,2.0,1.8,3.7,4.0,4.2,2.6,3.9,3.1,No,Yes,4.1,1.7,8.0,40.1,0.1,53.0,No,Yes,3.4,1-3 years,Yes,Stayed,No,1791.18,1942.84,2552.84,761.67,42.5,2.8,2.7,3.0,2.8,4.5,5.0,3.4
EMP114,Project Manager,Expert,Male,30-39,Senior,Local,Lithuania,Mostly On-site,1.9,2.0,3.1,4.8,2.2,2.8,3.8,2.9,3.5,2.9,5.0,Yes,Yes,3.9,2.3,7.4,36.8,0.0,50.0,Yes,Yes,4.3,4-6 years,Yes,Stayed,No,4944.56,5064.2,7219.57,2275.01,46.0,3.6,1.6,2.6,3.7,2.3,4.4,4.7
EMP115,Engineer,Senior,Female,30-39,Executive,International,Lithuania,Hybrid,3.3,3.6,4.2,2.8,4.1,4.0,3.4,3.9,3.7,3.4,3.7,Yes,Yes,2.1,3.8,8.3,41.4,1.4,15.0,No,Yes,8.4,7+ years,No,Left,Yes,6702.73,7862.0,8906.57,2203.84,32.9,4.4,3.8,3.9,2.9,3.2,4.5,5.0
EMP116,Research Specialist,Senior,Male,30-39,Junior,Local,Lithuania,Mostly On-site,1.9,1.4,3.1,2.1,2.0,3.6,4.0,3.6,2.5,4.0,3.2,No,Yes,3.7,1.8,10.0,50.1,10.1,52.0,No,Yes,3.9,1-3 years,No,Left,No,2343.34,2753.59,3993.44,1650.09,70.4,3.1,2.8,3.9,2.6,3.3,3.9,2.8
EMP117,Energy Analyst,Senior,Female,30-39,Mid,Local,Lithuania,Mostly On-site,2.2,1.8,1.2,4.1,2.2,4.4,3.4,3.2,4.3,5.0,4.5,No,No,4.0,2.0,9.6,48.0,8.0,5.0,No,Yes,2.5,1-3 years,No,Left,No,3013.33,3033.64,5299.64,2286.31,75.9,3.5,3.4,3.3,3.1,2.5,4.6,2.8
EMP118,Research Specialist,Mid,Male,40-49,Mid,International,Lithuania,Full Remote,4.5,5.0,3.5,2.7,4.9,2.7,3.7,2.5,3.7,3.5,2.7,Yes,Yes,1.4,4.8,8.1,40.7,0.7,2.0,No,No,4.8,4-6 years,No,Stayed,No,3295.13,3514.35,4376.63,1081.51,32.8,3.8,4.2,3.8,4.9,3.8,3.4,4.1
EMP119,Energy Analyst,Senior,Other/Prefer not to say,40-49,Junior,International,Lithuania,Mostly On-site,1.9,2.5,4.8,2.2,2.5,3.5,5.0,3.9,3.6,3.4,3.1,Yes,Yes,3.6,1.9,8.3,41.3,1.3,27.0,No,Yes,2.2,1-3 years,No,Left,Yes,1419.38,1566.15,1657.9,238.52,16.8,3.4,3.9,3.9,4.6,4.8,3.1,5.0
EMP120,Research Specialist,Expert,Male,20-29,Mid,International,Lithuania,Hybrid,3.6,3.7,3.4,2.2,2.8,3.8,3.5,3.5,3.4,4.3,3.1,Yes,Yes,2.3,3.8,7.9,39.5,0.0,34.0,No,No,5.3,4-6 years,No,Stayed,No,3074.4,3945.09,3552.49,478.09,15.6,3.5,4.4,3.3,3.7,3.8,3.9,3.7
EMP121,Energy Analyst,Senior,Male,20-29,Mid,Local,Lithuania,Mostly On-site,1.2,1.5,3.7,2.4,1.4,3.3,3.6,3.7,3.5,4.9,1.7,No,Yes,3.3,1.4,8.3,41.6,1.6,47.0,No,Yes,2.9,1-3 years,No,Stayed,No,2670.52,3108.16,4091.58,1421.06,53.2,4.2,4.3,4.4,2.8,4.1,5.0,4.6
EMP122,Research Specialist,Expert,Male,20-29,Mid,International,Lithuania,Mostly On-site,1.5,2.9,4.5,4.2,2.2,2.9,2.4,2.5,3.6,4.5,3.7,No,Yes,3.4,1.9,8.4,41.9,1.9,28.0,No,No,2.3,1-3 years,No,Left,No,3041.17,2858.9,3604.64,563.47,18.5,4.3,4.9,3.7,3.9,4.3,5.0,5.0
EMP123,Project Manager,Mid,Female,30-39,Senior,International,Lithuania,Hybrid,3.7,4.1,3.4,4.3,3.3,4.0,3.6,2.5,3.5,2.8,3.1,Yes,No,2.9,4.0,7.7,38.5,0.0,39.0,No,No,3.0,1-3 years,No,Stayed,No,4865.55,5888.99,6960.72,2095.18,43.1,3.3,4.3,4.8,4.6,5.0,3.8,4.6
EMP124,Energy Analyst,Mid,Male,20-29,Mid,International,Lithuania,Full Remote,4.5,3.8,3.9,2.8,4.2,2.7,3.6,3.3,2.6,4.2,3.3,Yes,Yes,2.7,3.4,7.0,34.8,0.0,2.0,No,Yes,6.7,4-6 years,No,Stayed,No,2848.03,3055.25,3482.21,634.17,22.3,4.2,4.1,3.4,3.9,4.0,2.6,5.0
EMP125,Energy Analyst,Expert,Male,40-49,Mid,International,Lithuania,Full Remote,4.3,4.4,3.3,5.0,4.3,3.1,2.9,3.7,3.4,4.8,3.5,Yes,No,2.0,4.6,8.1,40.6,0.6,0.0,Yes,Yes,5.6,4-6 years,No,Stayed,No,2500.65,3283.54,3180.64,679.99,27.2,4.8,4.0,5.0,4.4,4.5,4.7,5.0
EMP126,Research Specialist,Senior,Male,40-49,Senior,Local,Lithuania,Hybrid,3.3,4.2,2.5,3.5,3.9,3.6,4.0,4.0,4.2,3.5,4.6,No,No,2.8,3.6,7.5,37.7,0.0,17.0,No,Yes,5.5,4-6 years,No,Stayed,No,4174.68,5134.05,5495.08,1320.4,31.6,3.7,3.0,3.2,3.7,3.2,5.0,3.8
EMP127,Energy Analyst,Expert,Male,40-49,Mid,Local,Lithuania,Mostly On-site,1.9,1.5,2.9,4.4,2.5,4.8,3.2,3.8,3.7,3.7,3.0,Yes,Yes,4.1,1.3,6.8,34.0,0.0,26.0,No,No,1.9,1-3 years,Yes,Left,Yes,2948.68,3392.53,3655.27,706.59,24.0,3.1,3.0,3.5,3.5,3.5,4.5,5.0
EMP128,Energy Analyst,Expert,Male,20-29,Junior,Local,Outside Lithuania,Mostly On-site,2.7,3.0,4.4,3.6,2.7,4.1,3.5,3.0,3.8,2.9,4.0,No,Yes,3.7,1.8,10.8,54.0,14.0,14.0,No,No,5.8,4-6 years,No,Stayed,No,1712.3,1843.28,1743.11,30.8,1.8,4.3,3.5,3.8,2.5,3.4,5.0,5.0
EMP129,Engineer,Senior,Male,20-29,Senior,International,Lithuania,Full Remote,4.5,4.2,2.9,1.4,3.7,4.5,2.0,2.4,2.8,3.6,3.4,No,Yes,1.5,4.7,7.7,38.4,0.0,9.0,No,No,5.3,4-6 years,No,Stayed,No,4262.51,5122.9,5533.81,1271.29,29.8,4.8,3.9,4.3,3.0,4.3,4.6,5.0
EMP130,Energy Analyst,Mid,Male,20-29,Senior,International,Lithuania,Hybrid,4.0,3.5,1.6,2.5,4.3,3.6,2.8,4.9,3.8,4.0,2.9,Yes,Yes,3.2,3.3,9.1,45.3,5.3,38.0,No,Yes,3.6,1-3 years,No,Left,Yes,3443.76,3898.28,4013.12,569.35,16.5,4.6,3.7,4.9,2.9,4.1,3.2,5.0
EMP131,Energy Analyst,Senior,Male,40-49,Senior,International,Lithuania,Hybrid,3.2,4.1,2.8,2.9,4.0,3.9,3.5,3.3,4.1,3.5,3.9,Yes,Yes,2.5,5.0,8.4,42.2,2.2,56.0,No,Yes,2.2,1-3 years,No,Stayed,No,4249.55,5806.2,4315.6,66.05,1.6,4.7,4.3,4.3,2.7,4.1,2.9,5.0
EMP132,Engineer,Mid,Male,30-39,Executive,International,Lithuania,Full Remote,4.5,4.0,2.9,2.6,4.8,2.0,2.3,2.4,4.4,3.8,4.1,No,No,3.4,2.6,7.7,38.3,0.0,4.0,No,No,2.6,1-3 years,No,Stayed,No,8262.47,10618.12,9454.64,1192.17,14.4,3.6,3.8,3.3,5.0,4.6,3.7,4.1
EMP133,Engineer,Senior,Female,30-39,Senior,International,Outside Lithuania,Full Remote,3.8,4.5,3.8,3.5,3.6,2.1,2.3,2.9,3.1,4.6,3.2,Yes,Yes,2.0,3.8,9.5,47.7,7.7,7.0,No,No,3.1,1-3 years,No,Stayed,No,4586.67,5504.88,4891.13,304.46,6.6,4.7,4.2,5.0,3.7,2.6,4.7,5.0
EMP134,Research Specialist,Mid,Male,20-29,Junior,Local,Lithuania,Hybrid,3.5,3.8,2.6,2.3,3.3,4.3,3.8,2.9,3.7,3.7,2.6,Yes,Yes,2.4,3.8,9.0,45.1,5.1,29.0,Yes,Yes,4.2,4-6 years,No,Stayed,No,2111.37,2658.25,3399.14,1287.77,61.0,2.7,3.2,2.8,2.7,3.0,4.7,3.0
EMP135,Engineer,Expert,Female,40-49,Executive,International,Lithuania,Mostly On-site,2.7,3.4,1.9,1.4,3.1,3.4,4.3,3.9,4.4,3.3,4.4,No,Yes,2.9,3.7,8.5,42.6,2.6,25.0,No,Yes,3.5,1-3 years,Yes,Stayed,No,7328.47,8195.24,7984.32,655.85,8.9,3.5,3.9,3.9,5.0,3.8,4.6,3.1
EMP136,Research Specialist,Senior,Male,50+,Mid,Local,Lithuania,Hybrid,3.8,4.5,1.2,2.5,3.4,3.4,4.4,3.7,3.3,3.2,4.0,No,Yes,3.2,3.6,7.9,39.5,0.0,17.0,No,No,7.0,4-6 years,Yes,Stayed,No,3102.79,3769.06,4949.39,1846.6,59.5,2.7,3.4,3.5,3.0,3.4,3.7,2.1
EMP137,Research Specialist,Senior,Male,20-29,Manager,Local,Lithuania,Hybrid,3.9,3.1,4.0,1.6,3.4,4.4,3.8,5.0,3.1,2.8,2.0,Yes,Yes,2.4,2.9,8.6,43.2,3.2,23.0,No,No,3.6,1-3 years,No,Left,No,4547.43,4389.84,5953.87,1406.44,30.9,3.2,4.0,3.4,2.9,2.5,3.4,4.2
EMP138,Engineer,Mid,Female,30-39,Manager,Local,Lithuania,Mostly On-site,1.0,1.9,2.6,2.9,1.7,3.7,2.9,3.6,3.7,4.1,3.7,No,Yes,4.9,1.1,9.2,46.1,6.1,54.0,No,No,4.9,4-6 years,Yes,Left,No,5186.99,5939.01,7236.45,2049.47,39.5,2.5,2.6,3.4,3.0,4.6,4.0,3.0
EMP139,Research Specialist,Mid,Male,30-39,Manager,Local,Lithuania,Hybrid,4.1,3.2,4.3,1.4,3.6,3.2,4.5,3.6,4.5,3.5,4.4,Yes,Yes,3.0,2.7,7.3,36.4,0.0,15.0,No,Yes,3.2,1-3 years,No,Stayed,No,4925.09,4554.32,7584.83,2659.74,54.0,4.1,3.0,3.0,2.7,3.1,4.5,3.8
EMP140,Project Manager,Senior,Male,30-39,Senior,Local,Lithuania,Mostly On-site,1.2,2.5,2.2,2.5,1.5,2.4,2.9,3.4,3.3,3.1,3.1,Yes,Yes,3.6,2.4,8.7,43.6,3.6,42.0,No,Yes,5.9,4-6 years,Yes,Stayed,No,4995.42,5449.59,7098.48,2103.07,42.1,2.8,3.1,3.9,2.6,2.9,4.3,3.3
EMP141,Research Specialist,Senior,Female,30-39,Senior,International,Lithuania,Mostly On-site,3.9,1.4,3.0,3.2,2.9,2.6,3.3,4.2,2.8,2.3,3.0,Yes,Yes,4.6,1.5,7.2,36.0,0.0,36.0,No,No,3.2,1-3 years,No,Left,No,4907.08,5780.57,5825.17,918.09,18.7,4.1,3.8,4.7,3.6,4.2,4.4,4.9
EMP142,Energy Analyst,Senior,Female,30-39,Junior,International,Lithuania,Full Remote,4.8,4.9,3.7,2.2,3.9,3.1,2.9,3.6,3.7,3.6,2.5,Yes,Yes,2.4,4.3,8.1,40.7,0.7,2.0,No,Yes,5.1,4-6 years,No,Stayed,No,1950.68,2002.85,2177.72,227.04,11.6,4.2,3.4,4.1,3.7,4.2,4.2,4.8
EMP143,Project Manager,Mid,Male,40-49,Senior,Local,Lithuania,Hybrid,2.9,4.4,2.4,2.1,4.4,4.2,3.4,3.8,3.5,2.8,3.6,Yes,Yes,2.3,4.9,8.6,42.9,2.9,37.0,No,Yes,5.8,4-6 years,No,Left,Yes,4222.03,5089.05,5345.52,1123.49,26.6,2.9,2.7,4.1,2.0,3.0,5.0,4.3
EMP144,Research Specialist,Expert,Male,20-29,Junior,Local,Outside Lithuania,Hybrid,2.8,3.5,4.5,2.0,3.1,4.0,3.2,2.8,4.1,4.0,3.2,Yes,Yes,1.5,3.5,8.8,43.9,3.9,27.0,No,Yes,5.8,4-6 years,No,Stayed,No,1945.14,2178.37,2586.01,640.87,32.9,3.7,2.7,2.5,1.5,1.2,4.0,4.4
EMP145,Energy Analyst,Senior,Male,20-29,Junior,International,Outside Lithuania,Full Remote,4.4,4.8,3.7,2.7,4.7,2.9,3.8,3.2,4.0,3.3,3.2,Yes,No,1.9,4.9,9.6,48.0,8.0,8.0,Yes,No,5.6,4-6 years,No,Left,Yes,2031.14,2346.99,2471.25,440.1,21.7,4.2,4.3,3.2,4.6,3.6,2.9,5.0
EMP146,Energy Analyst,Senior,Female,40-49,Mid,International,Outside Lithuania,Full Remote,5.0,4.2,1.5,3.5,3.9,4.0,3.2,3.7,3.1,2.3,3.0,No,No,3.0,3.8,8.7,43.6,3.6,4.0,No,Yes,6.2,4-6 years,No,Left,Yes,3196.81,4068.59,3965.09,768.28,24.0,3.4,3.7,3.9,2.3,5.0,4.0,3.4
EMP147,Research Specialist,Senior,Female,20-29,Manager,International,Lithuania,Hybrid,3.7,3.5,3.7,2.3,3.6,3.8,5.0,3.8,3.4,4.1,2.8,Yes,No,2.8,3.5,8.5,42.6,2.6,43.0,No,No,4.8,4-6 years,No,Stayed,No,5511.66,6093.11,6457.42,945.75,17.2,3.2,3.6,2.8,3.1,3.9,4.2,4.9
EMP148,Energy Analyst,Expert,Male,40-49,Mid,Local,Lithuania,Hybrid,4.7,3.5,3.2,3.3,3.9,4.1,4.1,3.1,4.3,4.1,3.7,Yes,Yes,2.2,3.1,8.5,42.4,2.4,44.0,No,No,4.8,4-6 years,No,Left,No,2425.67,3066.06,3166.37,740.7,30.5,2.4,3.0,3.4,3.6,2.7,3.3,4.0
EMP149,Research Specialist,Mid,Female,20-29,Senior,International,Lithuania,Full Remote,5.0,4.2,2.8,3.5,4.1,2.3,3.3,4.6,3.8,3.6,4.3,Yes,Yes,2.3,4.2,8.5,42.3,2.3,6.0,No,Yes,3.6,1-3 years,No,Stayed,No,4010.38,4492.87,5007.5,997.13,24.9,4.3,4.5,3.5,4.5,4.8,2.9,5.0
EMP150,Engineer,Mid,Male,30-39,Senior,International,Lithuania,Full Remote,4.6,5.0,2.8,3.5,3.7,3.1,3.4,4.4,2.4,2.6,3.0,Yes,Yes,3.0,4.8,8.2,40.9,0.9,1.0,No,Yes,5.5,4-6 years,No,Stayed,No,5478.57,6445.12,6749.71,1271.15,23.2,4.7,4.2,3.7,3.7,4.0,2.6,4.9
EMP151,Research Specialist,Expert,Female,30-39,Manager,Local,Lithuania,Mostly On-site,2.4,1.4,2.9,2.5,2.0,3.5,3.1,5.0,4.2,3.7,3.7,Yes,Yes,3.8,2.6,10.1,50.3,10.3,54.0,No,Yes,2.6,1-3 years,Yes,Stayed,No,5908.87,6538.11,8379.83,2470.96,41.8,4.4,3.5,3.8,3.7,2.7,3.1,4.5
EMP152,Research Specialist,Mid,Male,30-39,Mid,International,Outside Lithuania,Full Remote,4.5,4.7,2.4,2.4,3.7,3.6,3.4,3.1,2.9,3.6,2.5,Yes,Yes,3.7,4.1,8.1,40.5,0.5,0.0,No,Yes,5.0,4-6 years,No,Stayed,No,3497.23,3888.39,3982.72,485.5,13.9,4.7,4.0,3.7,4.2,3.8,3.8,4.1
EMP153,Project Manager,Senior,Female,40-49,Junior,International,Lithuania,Full Remote,4.3,4.9,4.3,3.2,3.8,4.4,2.4,3.0,3.3,2.2,4.6,Yes,No,2.4,4.2,8.9,44.3,4.3,0.0,No,Yes,4.0,1-3 years,No,Stayed,No,2266.03,2297.57,2356.49,90.46,4.0,4.4,4.5,4.4,2.8,3.5,3.5,4.8
EMP154,Project Manager,Mid,Female,20-29,Senior,International,Lithuania,Hybrid,4.2,4.9,2.9,1.9,4.4,4.3,3.5,3.9,2.9,3.4,1.9,Yes,Yes,3.2,4.5,8.2,40.9,0.9,24.0,No,Yes,5.5,4-6 years,No,Stayed,No,4391.85,5286.65,5428.52,1036.67,23.6,3.9,3.6,4.6,4.6,3.9,4.0,4.9
EMP155,Research Specialist,Mid,Male,30-39,Mid,Local,Outside Lithuania,Mostly On-site,2.4,1.8,2.7,3.5,2.4,3.9,4.6,4.0,3.2,3.4,3.5,Yes,Yes,3.8,1.2,9.6,48.0,8.0,27.0,No,No,3.3,1-3 years,Yes,Stayed,No,3103.61,3882.24,4914.71,1811.1,58.4,2.9,4.5,3.4,1.3,3.7,4.0,2.9
EMP156,Energy Analyst,Senior,Male,20-29,Senior,International,Lithuania,Full Remote,3.5,4.9,3.2,2.9,4.7,2.0,3.5,4.0,4.3,5.0,3.2,Yes,No,2.4,4.4,9.2,45.9,5.9,1.0,No,Yes,3.9,1-3 years,No,Stayed,No,4004.51,5133.06,5328.43,1323.92,33.1,3.7,3.4,3.5,4.3,4.9,3.8,4.0
EMP157,Research Specialist,Mid,Male,50+,Manager,Local,Lithuania,Hybrid,3.1,3.7,3.1,3.4,3.6,4.5,4.3,3.0,2.9,2.5,4.4,No,Yes,2.1,3.2,8.8,43.9,3.9,47.0,No,No,4.3,4-6 years,No,Stayed,No,5124.67,6754.78,7608.02,2483.35,48.5,2.8,3.1,3.3,3.0,2.0,3.7,4.2
EMP158,Research Specialist,Senior,Male,40-49,Junior,International,Lithuania,Mostly On-site,3.5,2.4,2.0,4.0,3.1,2.7,4.0,4.7,3.6,3.5,4.7,Yes,Yes,3.4,3.2,7.4,36.8,0.0,46.0,No,No,4.9,4-6 years,No,Left,Yes,1738.44,2127.43,1994.89,256.45,14.8,2.9,4.2,3.3,4.1,3.6,4.3,4.0
EMP159,Project Manager,Expert,Female,30-39,Junior,International,Lithuania,Full Remote,4.2,4.3,2.6,2.2,4.6,3.0,4.4,3.7,3.1,2.5,1.3,Yes,Yes,1.5,4.4,8.7,43.4,3.4,10.0,Yes,Yes,4.5,4-6 years,No,Stayed,No,2039.5,2208.61,2466.94,427.44,21.0,3.3,4.4,4.2,3.1,4.0,3.5,3.9
EMP160,Project Manager,Mid,Female,30-39,Mid,Local,Lithuania,Mostly On-site,1.5,1.2,3.7,2.0,2.0,3.0,3.4,3.9,3.4,3.5,3.4,Yes,Yes,3.5,1.0,8.7,43.6,3.6,38.0,No,No,3.6,1-3 years,Yes,Left,Yes,3620.77,4418.47,4574.57,953.81,26.3,3.0,3.6,4.0,1.3,2.3,4.1,5.0
EMP161,Research Specialist,Mid,Female,30-39,Senior,Local,Lithuania,Hybrid,2.9,3.9,2.8,3.5,3.5,3.4,3.4,3.6,2.2,2.7,3.2,No,Yes,3.7,3.1,9.2,45.9,5.9,22.0,No,No,5.0,4-6 years,No,Stayed,No,4883.31,5038.5,5615.79,732.48,15.0,2.8,5.0,3.5,4.0,2.2,4.6,4.8
EMP162,Engineer,Expert,Male,20-29,Mid,International,Lithuania,Hybrid,4.4,4.3,3.8,2.6,3.8,4.0,2.3,2.6,3.1,3.6,3.3,No,Yes,2.1,3.8,9.1,45.4,5.4,17.0,No,Yes,5.9,4-6 years,No,Stayed,No,3074.0,3745.76,4044.42,970.41,31.6,4.2,3.7,3.6,2.9,4.1,4.5,5.0
EMP163,Engineer,Senior,Female,20-29,Junior,Local,Lithuania,Hybrid,3.8,4.6,3.7,3.6,3.7,5.0,2.5,4.6,3.9,3.7,3.7,Yes,Yes,3.2,4.3,8.1,40.7,0.7,25.0,No,Yes,4.4,4-6 years,No,Stayed,No,2194.31,2242.65,3593.66,1399.34,63.8,1.7,5.0,2.8,2.1,2.0,4.3,3.1
EMP164,Research Specialist,Mid,Male,20-29,Executive,Local,Lithuania,Hybrid,3.9,3.7,3.7,3.1,4.1,2.5,5.0,3.7,2.3,2.9,2.1,Yes,No,2.8,3.4,9.4,46.8,6.8,39.0,No,Yes,4.4,4-6 years,No,Left,No,8685.98,9749.13,12695.44,4009.46,46.2,3.4,2.6,2.9,2.3,2.4,4.1,4.3
EMP165,Engineer,Mid,Male,20-29,Senior,International,Lithuania,Full Remote,4.1,4.9,3.4,3.2,4.4,3.4,2.8,3.7,4.3,4.3,4.1,No,Yes,2.7,4.5,7.6,38.2,0.0,6.0,No,Yes,2.0,1-3 years,No,Stayed,No,5124.0,5381.21,5349.19,225.18,4.4,4.6,4.7,4.7,4.0,4.0,2.9,5.0
EMP166,Project Manager,Expert,Male,20-29,Mid,Local,Lithuania,Mostly On-site,2.3,2.4,2.2,3.8,2.9,2.8,3.2,4.3,2.7,1.9,2.6,Yes,Yes,4.0,1.8,8.0,39.8,0.0,41.0,No,No,3.8,1-3 years,Yes,Stayed,No,3785.02,4749.59,5134.12,1349.1,35.6,4.1,4.4,4.5,3.1,1.4,4.6,4.2
EMP167,Project Manager,Expert,Female,50+,Executive,Local,Lithuania,Hybrid,2.3,3.3,4.8,2.5,3.4,3.8,3.4,3.1,3.5,3.4,4.0,Yes,No,2.2,3.3,8.8,44.0,4.0,13.0,No,No,6.0,4-6 years,No,Stayed,No,7198.8,8545.75,8788.97,1590.17,22.1,2.2,4.1,3.1,2.5,2.5,4.1,4.6
EMP168,Engineer,Senior,Male,30-39,Senior,International,Lithuania,Full Remote,5.0,4.6,2.1,2.1,5.0,3.7,3.3,3.8,3.7,4.3,3.6,Yes,No,1.0,4.7,7.9,39.5,0.0,5.0,No,Yes,6.7,4-6 years,No,Stayed,No,5161.33,5832.2,5609.26,447.93,8.7,3.3,4.4,3.7,3.6,4.6,3.3,5.0
EMP169,Project Manager,Mid,Male,30-39,Mid,International,Lithuania,Full Remote,4.0,3.5,4.0,3.0,4.1,3.4,2.4,3.2,2.9,3.1,3.6,Yes,Yes,2.2,3.1,8.4,42.0,2.0,0.0,No,No,2.9,1-3 years,No,Stayed,No,3539.7,4261.51,4174.39,634.68,17.9,3.8,4.6,3.3,5.0,3.5,4.4,5.0
EMP170,Engineer,Senior,Male,20-29,Senior,International,Lithuania,Hybrid,3.0,4.0,4.1,3.9,3.0,3.5,3.1,3.9,3.0,2.6,3.3,Yes,Yes,2.8,3.3,9.5,47.5,7.5,48.0,Yes,Yes,4.1,4-6 years,Yes,Left,Yes,4453.22,4463.79,4619.19,165.97,3.7,4.1,4.1,3.4,3.8,4.3,3.1,5.0
EMP171,Project Manager,Senior,Female,40-49,Manager,Local,Lithuania,Hybrid,4.4,3.5,3.0,2.3,3.4,3.4,4.0,4.2,3.9,3.5,4.4,No,Yes,2.9,3.1,7.7,38.6,0.0,44.0,No,Yes,4.0,4-6 years,No,Stayed,No,5743.62,6414.2,7542.61,1798.98,31.3,2.7,4.2,3.1,3.7,2.8,3.6,4.1
EMP172,Research Specialist,Senior,Female,20-29,Senior,International,Lithuania,Full Remote,5.0,3.9,4.2,2.8,4.4,3.9,2.9,4.1,3.9,4.0,4.8,Yes,Yes,2.2,3.1,8.3,41.4,1.4,4.0,No,Yes,4.5,4-6 years,No,Left,Yes,4944.47,6027.76,5274.95,330.48,6.7,3.4,3.3,3.3,3.0,5.0,3.2,5.0
EMP173,Engineer,Mid,Female,20-29,Senior,International,Lithuania,Hybrid,3.5,3.8,3.9,2.3,3.7,2.9,3.7,4.0,3.9,3.9,4.2,Yes,Yes,2.7,3.8,7.7,38.5,0.0,11.0,No,Yes,2.4,1-3 years,No,Left,No,5385.18,5071.74,6934.21,1549.03,28.8,3.8,4.0,3.9,4.5,4.4,3.4,5.0
EMP174,Energy Analyst,Mid,Male,20-29,Manager,International,Lithuania,Full Remote,4.5,5.0,4.4,3.7,5.0,3.4,3.3,4.8,3.2,3.4,4.5,Yes,Yes,3.4,5.0,8.5,42.3,2.3,8.0,No,Yes,3.5,1-3 years,No,Stayed,No,4992.78,6264.07,6150.14,1157.36,23.2,5.0,4.9,3.8,4.1,3.9,3.3,5.0
EMP175,Energy Analyst,Mid,Male,20-29,Mid,International,Outside Lithuania,Hybrid,2.5,3.6,3.9,1.9,3.1,4.5,3.5,4.0,3.7,3.8,3.7,Yes,Yes,3.3,3.5,8.5,42.5,2.5,11.0,No,Yes,3.2,1-3 years,Yes,Stayed,No,3288.18,4230.1,3227.25,-60.93,-1.9,4.6,4.9,2.9,3.4,4.5,3.1,5.0
EMP176,Energy Analyst,Senior,Male,40-49,Senior,International,Lithuania,Full Remote,4.2,4.5,3.3,4.4,4.5,4.6,2.4,2.3,3.2,3.5,5.0,Yes,Yes,1.5,4.8,7.5,37.6,0.0,0.0,Yes,No,3.2,1-3 years,No,Stayed,No,3565.96,3434.05,4592.65,1026.69,28.8,4.0,4.6,3.9,2.5,4.7,2.3,4.6
EMP177,Engineer,Senior,Other/Prefer not to say,20-29,Mid,Local,Lithuania,Hybrid,3.4,4.2,2.9,2.2,3.1,3.9,4.1,4.1,3.7,4.1,4.2,Yes,No,2.3,3.8,9.7,48.4,8.4,0.0,No,No,4.7,4-6 years,No,Stayed,No,3437.96,3743.95,4624.12,1186.16,34.5,3.3,2.2,3.7,2.3,3.4,4.8,4.1
EMP178,Engineer,Senior,Other/Prefer not to say,20-29,Senior,Local,Lithuania,Hybrid,4.6,3.8,3.0,2.9,4.4,4.6,4.1,4.4,3.3,3.2,3.1,Yes,Yes,2.5,3.6,8.1,40.6,0.6,38.0,No,No,4.6,4-6 years,No,Stayed,No,4643.86,5302.4,6979.85,2335.99,50.3,1.5,4.9,3.3,1.3,3.1,4.3,4.2
EMP179,Research Specialist,Mid,Male,40-49,Senior,Local,Lithuania,Mostly On-site,1.9,2.9,3.8,2.7,2.4,3.9,3.1,3.7,3.1,3.1,4.0,Yes,Yes,3.6,2.9,9.9,49.5,9.5,35.0,Yes,No,2.0,1-3 years,No,Left,Yes,3807.16,4371.14,5680.78,1873.62,49.2,2.3,2.9,2.8,3.0,2.8,4.6,3.1
EMP180,Engineer,Mid,Female,20-29,Senior,International,Lithuania,Full Remote,4.5,4.5,4.1,3.8,4.6,3.3,3.4,3.4,3.6,3.6,3.8,Yes,Yes,3.2,3.9,8.3,41.7,1.7,0.0,No,No,5.1,4-6 years,No,Stayed,No,5038.28,5630.33,6025.16,986.88,19.6,4.0,3.7,4.4,4.4,4.6,3.8,5.0
EMP181,Research Specialist,Senior,Male,20-29,Junior,Local,Lithuania,Hybrid,3.2,4.5,2.3,2.1,3.7,3.6,3.0,3.3,4.2,4.4,3.7,No,Yes,2.6,3.8,8.5,42.4,2.4,7.0,No,Yes,4.3,4-6 years,No,Stayed,No,2027.02,2479.01,3057.04,1030.03,50.8,2.5,2.8,3.3,4.1,2.2,4.0,3.7
EMP182,Project Manager,Senior,Female,30-39,Senior,International,Lithuania,Full Remote,4.4,4.7,4.5,2.7,4.9,3.1,2.0,4.4,4.2,3.9,3.7,Yes,No,2.9,3.9,7.8,38.9,0.0,5.0,No,No,5.7,4-6 years,No,Stayed,No,5800.22,7438.48,6980.48,1180.26,20.3,3.8,3.8,3.4,4.3,3.6,3.1,4.9
EMP183,Project Manager,Expert,Male,20-29,Executive,International,Lithuania,Mostly On-site,1.8,1.9,3.3,4.1,1.7,3.8,3.0,2.8,3.5,4.0,3.8,Yes,Yes,2.7,2.3,9.2,46.1,6.1,59.0,No,Yes,2.1,1-3 years,No,Left,Yes,7708.15,8957.65,9840.72,2132.58,27.7,3.1,3.3,2.9,4.1,3.9,4.3,5.0
EMP184,Research Specialist,Senior,Male,40-49,Senior,Local,Lithuania,Mostly On-site,2.6,1.9,1.7,3.5,1.1,3.4,2.7,3.9,3.5,3.0,4.6,Yes,Yes,4.1,1.0,7.6,38.2,0.0,63.0,No,No,3.0,1-3 years,No,Left,Yes,4681.82,4808.81,5313.91,632.09,13.5,2.5,3.0,2.5,2.5,1.9,4.4,3.8
EMP185,Engineer,Mid,Female,30-39,Mid,International,Outside Lithuania,Full Remote,5.0,4.5,3.8,3.4,3.8,2.3,3.5,3.1,3.3,4.6,3.0,Yes,Yes,2.3,4.1,10.0,50.2,10.2,5.0,No,No,3.6,1-3 years,No,Stayed,No,3224.92,3534.18,3719.09,494.16,15.3,3.8,4.4,2.6,3.3,4.3,3.3,5.0
EMP186,Engineer,Senior,Female,30-39,Senior,International,Lithuania,Hybrid,3.2,3.4,3.6,3.2,3.5,3.6,3.4,3.3,3.2,2.8,3.2,Yes,Yes,3.7,3.8,8.0,39.9,0.0,21.0,No,Yes,7.3,7+ years,No,Stayed,No,5576.72,5966.91,6760.02,1183.29,21.2,4.5,4.1,3.4,2.3,4.3,3.2,4.9
EMP187,Research Specialist,Mid,Female,20-29,Mid,International,Lithuania,Mostly On-site,1.4,2.1,2.2,2.6,1.6,4.7,4.3,3.0,3.2,4.2,3.1,Yes,No,3.2,1.6,7.4,36.8,0.0,52.0,No,Yes,3.1,1-3 years,Yes,Stayed,No,3042.78,3037.36,3476.61,433.83,14.3,3.2,3.6,3.0,4.5,4.9,3.7,4.3
EMP188,Engineer,Mid,Female,20-29,Mid,Local,Lithuania,Hybrid,3.1,3.9,3.6,1.6,2.9,3.8,4.8,3.9,3.0,2.5,3.1,Yes,Yes,2.4,2.8,7.6,37.9,0.0,11.0,No,No,5.6,4-6 years,No,Left,No,2984.86,2998.65,4154.48,1169.62,39.2,2.7,3.8,3.6,2.6,3.5,4.6,3.9
EMP189,Project Manager,Mid,Male,30-39,Mid,Local,Outside Lithuania,Hybrid,4.2,4.6,4.1,2.8,4.5,4.6,4.2,3.3,3.3,3.0,3.8,Yes,No,2.0,4.4,6.8,33.9,0.0,21.0,No,Yes,5.4,4-6 years,No,Left,Yes,3642.6,3947.65,6789.86,3147.26,86.4,3.2,3.8,3.8,3.1,3.6,4.2,3.0
EMP190,Energy Analyst,Senior,Male,30-39,Mid,International,Lithuania,Full Remote,4.8,4.3,1.3,3.2,5.0,1.6,2.8,2.6,2.3,2.1,2.8,Yes,Yes,2.5,4.4,8.5,42.4,2.4,5.0,No,Yes,2.6,1-3 years,No,Stayed,No,2873.8,2715.51,3929.05,1055.25,36.7,4.3,4.4,4.2,3.3,3.9,4.5,3.9
EMP191,Engineer,Senior,Female,30-39,Senior,International,Lithuania,Full Remote,5.0,4.4,1.4,2.2,4.6,1.6,2.9,2.9,3.9,3.3,4.4,Yes,Yes,2.9,4.6,8.5,42.4,2.4,1.0,No,Yes,5.1,4-6 years,No,Stayed,No,4392.07,5310.16,5917.85,1525.78,34.7,4.7,2.7,4.1,4.6,4.9,2.9,4.2
EMP192,Project Manager,Expert,Female,30-39,Manager,Local,Outside Lithuania,Mostly On-site,2.4,1.6,2.7,4.1,2.1,5.0,2.5,2.4,4.1,4.6,3.0,No,Yes,2.8,2.6,7.5,37.5,0.0,55.0,No,No,3.9,1-3 years,Yes,Stayed,No,5987.85,6254.07,7052.38,1064.54,17.8,2.9,3.4,3.6,1.5,3.6,4.4,5.0
EMP193,Research Specialist,Mid,Female,40-49,Junior,Local,Lithuania,Mostly On-site,2.2,1.8,2.0,3.5,2.2,3.7,3.7,2.2,4.2,4.1,2.9,Yes,Yes,4.3,1.8,9.0,45.1,5.1,45.0,No,Yes,4.0,1-3 years,Yes,Stayed,No,1757.78,2059.27,2775.12,1017.35,57.9,2.9,4.3,3.9,3.7,3.5,4.6,2.9
EMP194,Energy Analyst,Mid,Female,40-49,Senior,International,Lithuania,Hybrid,2.7,2.7,2.6,2.4,3.0,3.7,3.6,4.0,4.2,4.6,2.3,Yes,Yes,2.2,3.1,8.0,39.9,0.0,27.0,No,Yes,5.7,4-6 years,No,Left,Yes,4259.26,4687.67,5175.61,916.34,21.5,3.7,3.7,3.5,4.1,4.5,4.3,4.5
EMP195,Project Manager,Expert,Male,30-39,Mid,Local,Lithuania,Hybrid,3.4,3.4,3.6,2.8,3.7,3.6,3.9,5.0,3.9,3.8,2.6,No,Yes,2.7,3.8,9.3,46.7,6.7,19.0,No,Yes,2.8,1-3 years,No,Stayed,No,3347.44,3799.02,4709.72,1362.28,40.7,4.2,3.0,3.0,3.1,3.4,4.9,4.2
EMP196,Energy Analyst,Senior,Male,40-49,Mid,Local,Lithuania,Hybrid,5.0,3.6,3.5,2.5,4.5,3.0,3.8,4.5,4.1,3.6,3.9,Yes,No,2.4,2.9,7.6,37.8,0.0,59.0,No,Yes,2.7,1-3 years,No,Stayed,No,2855.99,2901.65,4452.47,1596.48,55.9,2.2,2.7,2.1,2.5,4.1,4.2,3.6
EMP197,Engineer,Senior,Female,40-49,Senior,Local,Lithuania,Mostly On-site,2.1,1.0,3.1,4.2,1.9,3.7,4.1,2.8,3.6,2.6,3.9,No,Yes,4.0,1.0,8.3,41.4,1.4,72.0,No,Yes,2.7,1-3 years,Yes,Stayed,No,4256.94,4768.48,5313.24,1056.3,24.8,3.6,3.7,3.7,2.9,2.5,5.0,4.2
EMP198,Project Manager,Senior,Male,30-39,Mid,Local,Lithuania,Mostly On-site,1.6,2.9,4.7,3.4,2.8,3.0,3.3,3.0,4.2,3.5,3.8,Yes,Yes,3.6,3.0,8.2,41.1,1.1,69.0,No,No,2.0,1-3 years,No,Left,No,3801.51,4483.95,5767.96,1966.45,51.7,4.4,3.1,3.0,2.3,2.7,3.7,5.0
EMP199,Engineer,Mid,Male,30-39,Senior,Local,Lithuania,Mostly On-site,3.6,2.6,3.9,3.9,3.5,3.7,3.6,2.5,3.2,3.4,2.9,Yes,No,4.5,1.7,7.2,35.9,0.0,20.0,No,Yes,6.8,4-6 years,No,Left,Yes,4365.2,4444.3,6234.92,1869.73,42.8,2.3,2.7,3.1,2.7,3.1,4.4,4.4
EMP200,Energy Analyst,Senior,Male,30-39,Mid,International,Lithuania,Mostly On-site,1.0,2.0,3.3,1.7,1.7,3.3,4.6,4.5,3.7,3.3,5.0,Yes,Yes,2.7,2.0,7.7,38.7,0.0,0.0,No,Yes,2.6,1-3 years,Yes,Stayed,No,2732.01,2788.53,3228.35,496.34,18.2,3.1,4.6,4.4,4.5,3.9,3.2,4.2
EMP201,Engineer,Senior,Male,40-49,Manager,International,Outside Lithuania,Hybrid,3.5,3.3,2.3,3.4,3.3,4.0,4.5,4.9,3.2,2.5,4.9,Yes,Yes,2.1,2.9,9.5,47.7,7.7,31.0,No,Yes,6.5,4-6 years,No,Left,No,6052.79,5682.41,7233.14,1180.34,19.5,3.9,3.8,3.6,3.9,3.5,3.1,4.6
EMP202,Research Specialist,Mid,Female,50+,Junior,International,Lithuania,Full Remote,5.0,4.4,4.3,3.0,4.1,1.7,2.5,1.7,4.0,3.7,3.6,No,Yes,3.2,3.6,8.4,42.0,2.0,6.0,No,No,4.2,4-6 years,No,Stayed,No,1452.97,1681.49,1528.27,75.3,5.2,4.4,4.0,3.7,3.2,4.3,3.1,5.0
EMP203,Energy Analyst,Senior,Female,40-49,Junior,International,Lithuania,Full Remote,3.7,4.5,1.3,4.1,3.6,2.6,2.0,3.5,2.4,4.1,2.5,Yes,Yes,3.5,3.2,7.9,39.3,0.0,8.0,No,No,2.5,1-3 years,No,Stayed,No,1645.35,1891.49,2129.43,484.08,29.4,4.9,3.8,3.8,4.2,4.0,4.0,4.3
EMP204,Project Manager,Senior,Female,30-39,Manager,International,Outside Lithuania,Mostly On-site,2.8,1.0,4.4,3.0,2.8,3.7,3.7,2.6,4.1,4.5,3.6,No,Yes,2.3,2.3,8.2,41.0,1.0,68.0,No,Yes,2.2,1-3 years,No,Left,No,5754.87,6640.81,6756.42,1001.55,17.4,5.0,4.4,3.4,3.9,4.2,4.9,5.0
EMP205,Project Manager,Mid,Female,40-49,Senior,International,Lithuania,Hybrid,2.9,4.4,2.3,1.6,3.6,4.8,3.8,3.3,3.4,4.4,3.1,Yes,No,3.1,4.2,7.8,38.9,0.0,0.0,Yes,Yes,3.7,1-3 years,No,Stayed,No,4424.87,5381.38,5958.35,1533.47,34.7,3.3,4.0,2.9,4.7,4.0,3.2,3.1
EMP206,Engineer,Senior,Male,30-39,Executive,International,Outside Lithuania,Full Remote,4.3,4.2,4.5,3.9,4.2,2.7,3.3,2.8,3.2,3.4,3.5,Yes,Yes,2.5,3.8,7.6,37.8,0.0,0.0,No,No,3.3,1-3 years,No,Stayed,No,7006.33,9780.75,8963.0,1956.67,27.9,3.1,4.6,3.5,3.6,3.6,4.0,5.0
EMP207,Research Specialist,Mid,Male,20-29,Senior,International,Lithuania,Full Remote,3.9,4.7,3.4,4.4,3.9,3.9,3.3,2.1,3.7,3.1,4.4,No,Yes,2.6,4.3,7.5,37.3,0.0,11.0,Yes,No,5.0,4-6 years,No,Stayed,No,4133.35,4023.63,4583.48,450.13,10.9,4.7,3.5,3.7,5.0,3.9,2.8,5.0
EMP208,Project Manager,Mid,Male,20-29,Mid,Local,Lithuania,Hybrid,3.4,4.2,3.5,2.2,2.8,3.9,3.8,3.8,3.3,5.0,2.7,Yes,No,3.5,3.7,9.0,45.0,5.0,27.0,No,Yes,3.0,1-3 years,No,Stayed,No,3074.55,4210.12,4450.14,1375.59,44.7,3.7,4.3,2.4,2.5,3.3,4.8,4.6
EMP209,Project Manager,Senior,Male,20-29,Mid,International,Lithuania,Full Remote,4.3,4.9,4.3,3.0,4.8,2.7,3.1,2.1,4.0,3.4,3.7,Yes,Yes,2.1,4.3,8.8,43.9,3.9,6.0,No,No,4.8,4-6 years,No,Stayed,No,3636.86,4003.69,3943.63,306.76,8.4,4.3,4.5,3.9,4.1,3.9,4.1,4.4
EMP210,Energy Analyst,Expert,Male,40-49,Senior,International,Lithuania,Full Remote,4.4,5.0,5.0,4.7,4.1,3.7,2.4,2.8,3.1,3.8,3.8,Yes,Yes,1.6,5.0,9.0,44.8,4.8,0.0,Yes,No,2.9,1-3 years,No,Stayed,No,3981.25,5279.8,5438.55,1457.31,36.6,3.8,3.2,4.3,3.3,4.3,3.6,5.0
EMP211,Energy Analyst,Mid,Male,20-29,Senior,Local,Lithuania,Hybrid,3.1,4.2,3.1,2.5,3.3,3.7,4.1,3.8,4.2,3.5,3.9,Yes,No,3.1,3.5,7.3,36.6,0.0,26.0,No,No,4.7,4-6 years,No,Stayed,No,4170.66,4697.73,6564.16,2393.5,57.4,2.8,3.7,1.8,2.8,2.6,4.4,3.7
EMP212,Research Specialist,Mid,Male,20-29,Senior,Local,Lithuania,Hybrid,3.4,4.2,4.3,1.6,4.1,5.0,3.6,4.8,3.5,2.5,3.4,No,Yes,3.2,3.3,7.8,39.1,0.0,13.0,No,No,4.5,4-6 years,No,Stayed,No,4411.62,4793.54,6563.14,2151.52,48.8,3.4,3.7,3.2,3.1,2.3,5.0,4.9
EMP213,Engineer,Senior,Female,30-39,Manager,Local,Lithuania,Hybrid,3.7,4.5,2.5,2.2,4.3,4.4,4.5,3.2,3.7,2.9,3.5,Yes,Yes,1.9,4.7,6.9,34.5,0.0,17.0,No,No,4.3,4-6 years,No,Stayed,No,6685.97,7761.2,9593.24,2907.28,43.5,3.3,3.0,4.5,2.5,2.9,4.0,4.6
EMP214,Engineer,Senior,Male,40-49,Mid,International,Lithuania,Full Remote,4.1,5.0,3.6,3.0,3.9,1.2,3.4,3.3,3.0,2.4,4.0,Yes,Yes,2.3,4.8,8.7,43.6,3.6,7.0,No,No,3.0,1-3 years,No,Stayed,No,2821.43,3121.55,3326.64,505.21,17.9,4.9,3.3,5.0,4.0,4.2,3.6,5.0
EMP215,Research Specialist,Senior,Female,20-29,Senior,International,Lithuania,Mostly On-site,1.8,2.7,1.9,2.4,2.2,3.8,3.3,3.8,2.7,1.7,3.2,Yes,Yes,4.1,2.7,7.5,37.3,0.0,34.0,No,Yes,1.6,1-3 years,No,Stayed,No,4778.35,5548.71,4935.04,156.68,3.3,4.3,4.1,3.9,3.5,4.2,4.5,4.5
EMP216,Energy Analyst,Expert,Female,40-49,Senior,International,Lithuania,Full Remote,4.6,4.5,2.2,2.1,4.6,3.5,3.0,3.7,3.4,3.3,4.8,Yes,Yes,2.6,4.1,6.8,34.1,0.0,0.0,No,Yes,4.4,4-6 years,No,Stayed,No,4601.4,5807.4,6287.35,1685.95,36.6,3.8,4.5,3.2,3.4,4.4,4.3,4.9
EMP217,Project Manager,Senior,Male,30-39,Senior,Local,Lithuania,Hybrid,3.4,4.4,3.1,1.9,3.6,3.5,4.0,3.6,3.5,3.7,3.2,Yes,Yes,3.6,3.6,8.0,39.9,0.0,22.0,No,Yes,4.8,4-6 years,No,Stayed,No,5279.38,6018.19,6296.1,1016.72,19.3,2.6,3.4,3.1,2.6,3.0,4.7,3.3
EMP218,Project Manager,Mid,Male,50+,Mid,Local,Lithuania,Mostly On-site,2.1,2.3,3.9,2.9,2.2,1.9,4.2,3.0,3.4,2.8,2.5,Yes,No,3.4,2.7,6.7,33.6,0.0,14.0,No,Yes,4.7,4-6 years,No,Left,No,2548.47,3070.03,4371.4,1822.94,71.5,3.5,3.5,3.2,1.3,3.9,3.7,4.1
EMP219,Engineer,Senior,Male,40-49,Executive,Local,Lithuania,Hybrid,3.3,3.0,4.4,3.0,3.4,4.4,3.7,3.6,3.0,2.4,3.4,No,Yes,3.7,3.3,9.1,45.3,5.3,42.0,Yes,Yes,2.4,1-3 years,No,Left,No,7498.19,8287.75,10178.62,2680.43,35.7,3.4,2.9,3.4,2.7,2.7,4.5,5.0
EMP220,Project Manager,Expert,Male,30-39,Senior,Local,Lithuania,Mostly On-site,1.4,2.6,3.5,3.1,2.3,3.8,3.7,3.3,3.9,3.8,3.8,No,No,3.7,3.0,8.6,42.9,2.9,54.0,No,No,3.9,1-3 years,No,Left,Yes,4983.69,5540.46,6492.0,1508.31,30.3,3.9,2.4,2.7,3.2,3.4,3.6,4.3
EMP221,Project Manager,Mid,Male,20-29,Junior,International,Outside Lithuania,Hybrid,4.0,3.7,2.6,2.9,3.9,3.3,3.8,4.9,2.8,2.8,2.9,Yes,Yes,2.7,4.2,7.8,39.2,0.0,22.0,No,No,2.8,1-3 years,No,Stayed,No,2123.08,2715.52,2807.74,684.66,32.2,4.0,3.9,5.0,2.6,5.0,3.7,3.8
EMP222,Engineer,Expert,Male,30-39,Executive,Local,Lithuania,Hybrid,3.3,3.2,5.0,3.4,3.5,3.2,4.3,3.6,3.4,2.8,3.7,Yes,Yes,2.0,3.2,8.6,42.9,2.9,14.0,No,Yes,5.3,4-6 years,No,Left,Yes,8221.85,10904.63,12354.76,4132.9,50.3,2.5,2.8,3.3,3.1,2.9,4.6,4.3
EMP223,Engineer,Senior,Female,20-29,Junior,International,Lithuania,Full Remote,3.8,4.6,3.5,3.5,4.4,2.8,3.0,3.3,3.9,4.1,4.5,No,No,2.4,3.8,9.1,45.6,5.6,6.0,No,Yes,6.6,4-6 years,No,Stayed,No,1744.29,1794.13,2159.89,415.59,23.8,3.7,4.5,4.1,4.1,4.2,2.2,5.0
EMP224,Research Specialist,Mid,Female,40-49,Mid,Local,Lithuania,Hybrid,4.3,3.9,3.6,4.2,3.5,3.0,3.5,3.4,4.3,4.0,3.2,Yes,Yes,3.8,3.2,8.5,42.5,2.5,27.0,No,Yes,4.2,4-6 years,No,Stayed,No,2397.08,2611.23,3288.76,891.68,37.2,2.9,2.5,3.9,4.0,2.1,4.9,4.6
EMP225,Energy Analyst,Senior,Female,30-39,Manager,International,Outside Lithuania,Full Remote,5.0,5.0,2.6,2.5,4.9,3.6,4.3,2.1,3.6,4.1,3.0,No,Yes,3.1,3.8,8.2,40.9,0.9,4.0,No,No,4.2,4-6 years,No,Left,Yes,6194.73,7189.92,8478.33,2283.6,36.9,3.4,4.8,2.6,3.5,4.0,3.9,4.4
EMP226,Engineer,Senior,Male,40-49,Mid,International,Lithuania,Full Remote,4.4,4.6,3.2,2.9,3.8,3.5,2.9,2.9,3.9,3.6,3.1,Yes,Yes,2.5,3.7,8.6,43.0,3.0,4.0,No,Yes,6.0,4-6 years,No,Stayed,No,2698.77,3202.29,3418.89,720.13,26.7,5.0,3.8,4.0,3.1,3.7,4.5,5.0
EMP227,Engineer,Expert,Male,40-49,Executive,International,Lithuania,Mostly On-site,2.2,2.1,2.8,3.8,1.9,3.0,3.5,3.5,3.9,5.0,3.6,Yes,Yes,5.0,1.0,8.5,42.6,2.6,27.0,No,No,2.4,1-3 years,Yes,Left,Yes,8215.51,8258.12,10322.99,2107.49,25.7,3.9,4.4,3.8,5.0,4.5,4.3,3.9
EMP228,Research Specialist,Senior,Male,20-29,Manager,Local,Lithuania,Hybrid,3.7,4.2,3.7,3.8,4.5,4.5,4.0,3.6,4.0,3.3,4.4,Yes,No,3.4,3.4,6.3,31.5,0.0,26.0,No,No,4.9,4-6 years,No,Stayed,No,4840.33,5765.39,6768.66,1928.33,39.8,2.5,4.1,2.9,2.8,3.8,3.9,4.1
EMP229,Energy Analyst,Senior,Female,30-39,Manager,Local,Lithuania,Mostly On-site,1.9,2.0,4.0,3.4,1.8,3.8,3.6,3.2,3.4,3.6,3.4,No,Yes,3.0,2.8,8.8,43.8,3.8,70.0,No,Yes,2.8,1-3 years,No,Stayed,No,5344.5,6391.43,7681.66,2337.16,43.7,2.8,4.2,2.9,1.6,2.1,4.9,4.8
EMP230,Research Specialist,Senior,Male,30-39,Mid,Local,Lithuania,Hybrid,2.0,3.5,2.9,2.1,2.0,4.4,2.8,3.8,3.7,2.5,3.0,No,Yes,2.5,3.7,7.9,39.4,0.0,45.0,No,Yes,3.4,1-3 years,Yes,Stayed,No,3365.67,3367.6,4847.76,1482.1,44.0,2.5,3.1,3.7,2.7,3.8,3.4,3.6
EMP231,Engineer,Mid,Male,40-49,Mid,Local,Lithuania,Mostly On-site,1.0,2.3,4.3,4.1,1.1,3.5,3.6,5.0,3.2,2.5,3.1,Yes,No,2.6,2.9,10.8,54.1,14.1,46.0,No,No,5.0,4-6 years,No,Stayed,No,3265.23,4292.27,4245.96,980.72,30.0,3.6,3.1,2.4,3.2,3.0,3.6,4.4
EMP232,Research Specialist,Mid,Female,20-29,Mid,Local,Lithuania,Hybrid,3.8,3.0,3.2,4.6,3.2,3.9,3.3,3.4,3.1,2.6,4.1,Yes,No,3.8,2.5,8.7,43.3,3.3,19.0,No,Yes,6.6,4-6 years,No,Left,No,2678.78,3319.35,3595.38,916.6,34.2,4.1,3.5,2.7,3.7,4.4,4.6,5.0
EMP233,Research Specialist,Senior,Female,40-49,Executive,International,Lithuania,Hybrid,4.1,4.3,3.3,3.8,4.7,3.6,4.8,4.5,3.4,3.0,2.8,Yes,Yes,1.9,4.8,7.3,36.7,0.0,27.0,No,Yes,5.1,4-6 years,No,Stayed,No,8077.58,9767.76,9834.06,1756.48,21.7,4.3,3.8,3.6,3.5,4.4,3.5,4.9
EMP234,Project Manager,Senior,Male,40-49,Executive,Local,Outside Lithuania,Hybrid,3.2,4.7,2.3,3.9,3.4,4.0,4.0,3.7,3.4,2.3,2.9,No,No,2.9,4.3,8.9,44.4,4.4,30.0,Yes,No,3.0,1-3 years,No,Stayed,No,9894.38,11904.72,12312.02,2417.64,24.4,3.2,4.2,3.1,2.5,2.8,4.0,3.5
EMP235,Research Specialist,Expert,Male,40-49,Senior,International,Lithuania,Full Remote,4.8,4.5,3.0,3.5,4.5,2.2,3.3,2.1,3.7,4.1,4.4,Yes,Yes,3.2,3.6,8.3,41.6,1.6,3.0,No,Yes,4.6,4-6 years,No,Stayed,No,3389.24,3202.64,3883.49,494.25,14.6,4.2,4.6,4.8,4.0,4.5,4.4,4.6
EMP236,Engineer,Expert,Male,40-49,Mid,Local,Lithuania,Mostly On-site,2.6,2.7,3.8,2.6,3.0,3.8,2.9,4.2,3.3,3.3,3.3,Yes,Yes,3.6,2.7,9.1,45.3,5.3,53.0,No,Yes,1.2,1-3 years,No,Left,No,2686.57,3092.12,3915.03,1228.46,45.7,3.1,4.2,3.5,3.6,2.4,4.0,4.1
EMP237,Engineer,Expert,Male,30-39,Junior,International,Outside Lithuania,Full Remote,4.5,4.3,3.8,2.6,4.3,3.0,3.7,3.0,3.3,3.8,3.4,Yes,No,2.6,3.7,8.6,43.2,3.2,5.0,No,Yes,3.0,1-3 years,No,Stayed,No,1920.94,2194.99,2421.18,500.24,26.0,4.6,4.7,3.4,4.5,5.0,3.8,5.0
EMP238,Energy Analyst,Senior,Female,40-49,Mid,International,Lithuania,Full Remote,4.4,4.3,2.0,3.6,4.5,4.1,3.1,2.5,3.7,3.9,3.7,Yes,No,3.2,4.2,7.7,38.7,0.0,3.0,Yes,Yes,3.9,1-3 years,No,Stayed,No,2180.29,2462.58,2445.45,265.16,12.2,3.8,3.1,3.1,3.7,4.1,4.1,4.9
EMP239,Project Manager,Expert,Female,20-29,Mid,Local,Lithuania,Hybrid,4.3,3.3,4.0,3.6,3.6,3.7,3.6,3.6,3.3,2.7,4.3,No,No,2.5,3.8,8.6,43.2,3.2,39.0,No,Yes,4.3,4-6 years,No,Stayed,No,3450.29,3814.1,4991.88,1541.59,44.7,2.6,2.6,3.2,4.1,3.7,4.0,4.0
EMP240,Engineer,Mid,Female,20-29,Mid,International,Lithuania,Full Remote,4.1,5.0,3.4,2.9,3.6,2.8,3.1,2.9,3.0,2.7,3.6,Yes,Yes,2.5,5.0,8.6,42.9,2.9,7.0,Yes,No,5.0,4-6 years,No,Stayed,No,3012.06,3767.02,3398.54,386.48,12.8,3.8,3.6,4.3,5.0,3.9,2.9,5.0
EMP241,Project Manager,Mid,Male,30-39,Senior,International,Lithuania,Mostly On-site,2.0,3.5,3.6,2.5,2.1,3.6,4.4,2.6,4.1,4.0,4.3,Yes,No,4.5,2.2,9.7,48.4,8.4,23.0,No,Yes,2.6,1-3 years,Yes,Left,Yes,4200.79,4560.55,5030.79,830.01,19.8,2.8,4.4,3.7,3.0,4.1,3.2,3.3
EMP242,Energy Analyst,Expert,Male,40-49,Mid,International,Lithuania,Mostly On-site,1.9,2.2,3.8,4.1,2.1,2.4,4.2,4.4,4.5,4.5,3.3,Yes,Yes,4.2,1.9,8.4,42.0,2.0,45.0,Yes,Yes,4.0,4-6 years,No,Left,Yes,3232.01,3630.27,3364.79,132.78,4.1,3.4,4.7,4.7,3.4,5.0,4.4,4.0
EMP243,Project Manager,Senior,Male,20-29,Executive,Local,Lithuania,Mostly On-site,2.4,1.4,2.3,3.2,2.2,3.4,4.1,4.8,2.7,3.0,2.0,Yes,No,2.7,2.1,8.5,42.6,2.6,33.0,No,No,3.0,1-3 years,No,Stayed,No,7481.89,8360.24,10690.89,3209.0,42.9,3.6,2.3,4.2,3.9,3.4,3.7,4.4
EMP244,Project Manager,Expert,Female,40-49,Junior,Local,Lithuania,Hybrid,3.2,2.6,2.7,2.6,3.1,4.7,3.8,4.4,3.3,3.6,3.2,Yes,Yes,3.2,2.6,8.6,43.2,3.2,30.0,No,Yes,3.3,1-3 years,No,Stayed,No,1661.83,1915.78,2000.78,338.95,20.4,3.6,3.2,3.7,4.4,2.8,4.7,5.0
EMP245,Project Manager,Expert,Female,40-49,Junior,International,Lithuania,Full Remote,5.0,5.0,4.1,1.9,5.0,3.3,2.2,2.7,3.2,3.6,2.9,Yes,Yes,1.4,4.5,8.8,44.2,4.2,15.0,Yes,Yes,6.1,4-6 years,No,Left,Yes,2315.28,3099.9,3036.32,721.03,31.1,5.0,4.3,3.9,4.2,4.4,2.6,4.3
EMP246,Energy Analyst,Senior,Female,20-29,Mid,International,Lithuania,Mostly On-site,1.9,2.1,4.2,3.2,2.4,3.0,3.4,3.4,2.8,2.3,3.2,No,No,2.7,2.3,8.8,43.9,3.9,47.0,No,No,2.4,1-3 years,No,Left,Yes,2457.68,2580.86,2748.99,291.31,11.9,3.7,3.9,5.0,4.6,4.7,4.5,4.6
EMP247,Research Specialist,Mid,Male,20-29,Senior,Local,Lithuania,Hybrid,2.4,3.9,2.5,2.8,3.3,4.5,4.2,4.8,3.6,2.7,2.8,No,Yes,3.0,4.0,8.8,43.9,3.9,48.0,No,No,1.5,1-3 years,Yes,Stayed,No,3539.68,4364.09,4844.31,1304.63,36.9,3.1,2.9,2.5,2.3,2.2,3.5,4.1
EMP248,Engineer,Senior,Female,20-29,Senior,Local,Lithuania,Mostly On-site,2.2,2.7,3.0,2.9,2.1,3.3,3.5,4.6,3.8,4.2,3.9,Yes,Yes,3.3,2.7,7.6,38.0,0.0,68.0,No,No,2.9,1-3 years,No,Stayed,No,4972.91,6044.26,8694.58,3721.68,74.8,4.0,4.4,3.7,3.7,2.4,4.8,3.6
EMP249,Engineer,Senior,Female,30-39,Mid,Local,Lithuania,Mostly On-site,1.4,1.8,4.1,4.6,1.7,3.6,2.7,3.0,3.9,3.4,5.0,No,No,4.7,1.0,8.7,43.7,3.7,64.0,No,No,4.7,4-6 years,No,Stayed,No,2910.38,3260.08,5003.38,2093.0,71.9,1.7,4.3,3.3,2.1,4.9,4.7,3.5
EMP250,Project Manager,Expert,Male,20-29,Mid,Local,Lithuania,Mostly On-site,2.1,3.3,3.5,3.6,1.8,3.3,4.5,3.1,4.0,4.3,4.1,Yes,Yes,5.0,2.2,9.3,46.7,6.7,44.0,No,Yes,5.1,4-6 years,Yes,Stayed,No,3146.55,3624.16,4760.17,1613.61,51.3,2.7,2.8,2.2,2.6,3.6,3.8,3.8
EMP251,Engineer,Expert,Female,30-39,Mid,International,Lithuania,Full Remote,3.5,5.0,3.6,2.6,4.0,3.8,3.0,2.7,3.1,3.8,4.3,No,Yes,1.9,4.9,9.2,46.0,6.0,7.0,No,Yes,5.3,4-6 years,No,Left,Yes,3092.17,3393.5,3793.42,701.25,22.7,3.6,4.3,3.4,3.6,3.4,3.2,5.0
EMP252,Energy Analyst,Senior,Male,20-29,Junior,Local,Lithuania,Hybrid,3.3,3.9,3.4,3.4,3.7,2.7,4.3,3.3,3.2,2.7,3.9,Yes,Yes,3.1,2.8,8.3,41.4,1.4,15.0,No,Yes,2.7,1-3 years,No,Stayed,No,1830.2,2144.2,2627.76,797.56,43.6,3.9,4.6,2.5,2.9,2.8,4.6,4.3
EMP253,Research Specialist,Senior,Male,30-39,Senior,Local,Lithuania,Mostly On-site,1.4,3.0,3.6,2.1,1.7,4.0,3.2,2.6,4.0,3.5,3.5,Yes,Yes,4.5,2.8,8.2,40.8,0.8,51.0,No,No,5.1,4-6 years,Yes,Stayed,No,4637.42,4637.1,6505.6,1868.19,40.3,3.5,2.6,2.5,2.9,2.3,4.9,3.3
EMP254,Engineer,Mid,Male,30-39,Mid,Local,Lithuania,Hybrid,3.6,4.1,3.2,2.1,3.9,4.2,4.0,4.1,3.3,3.5,3.4,Yes,Yes,2.0,3.8,8.1,40.4,0.4,24.0,Yes,Yes,2.7,1-3 years,No,Stayed,No,2453.84,2474.02,3177.46,723.62,29.5,3.7,3.6,2.6,2.6,3.6,4.0,5.0
EMP255,Engineer,Expert,Male,20-29,Mid,International,Lithuania,Full Remote,3.6,4.3,2.6,4.0,3.7,2.5,3.0,2.3,3.9,3.5,4.0,Yes,Yes,3.5,3.6,8.8,44.2,4.2,7.0,No,Yes,6.8,4-6 years,No,Stayed,No,3085.42,3591.43,3118.11,32.69,1.1,4.2,4.3,3.6,3.8,3.9,4.0,4.8
EMP256,Research Specialist,Mid,Male,20-29,Junior,International,Lithuania,Hybrid,4.4,4.2,4.1,1.0,4.0,3.5,4.0,4.4,3.3,3.2,2.6,Yes,Yes,2.9,4.0,9.5,47.6,7.6,32.0,No,Yes,2.9,1-3 years,No,Stayed,No,2405.8,2877.33,2967.59,561.8,23.4,3.9,4.8,3.9,4.8,4.8,2.8,5.0
EMP257,Engineer,Mid,Male,20-29,Junior,Local,Lithuania,Mostly On-site,2.4,3.3,2.2,3.2,2.1,3.9,3.7,3.7,3.1,3.0,4.0,Yes,No,4.0,2.8,10.1,50.4,10.4,2.0,No,No,2.5,1-3 years,Yes,Left,No,2254.45,3197.29,3093.49,839.03,37.2,3.0,3.0,4.2,2.3,4.0,4.4,3.4
EMP258,Research Specialist,Mid,Male,30-39,Senior,Local,Outside Lithuania,Hybrid,4.1,4.5,3.5,3.4,5.0,3.5,3.6,3.2,2.9,2.8,2.3,Yes,Yes,2.8,4.7,8.5,42.4,2.4,0.0,No,Yes,4.2,4-6 years,No,Stayed,No,4265.98,5053.02,6761.58,2495.6,58.5,3.5,3.5,3.3,3.8,2.1,4.6,4.4
EMP259,Research Specialist,Senior,Female,20-29,Mid,Local,Outside Lithuania,Hybrid,3.9,3.3,3.2,3.8,3.9,4.4,3.2,3.2,3.2,3.8,3.4,No,Yes,1.6,4.0,7.7,38.5,0.0,22.0,No,Yes,3.8,1-3 years,No,Stayed,No,3023.14,3430.85,4066.36,1043.22,34.5,2.0,3.9,3.7,3.2,3.3,4.0,4.1
EMP260,Energy Analyst,Expert,Female,20-29,Senior,International,Lithuania,Full Remote,5.0,4.7,3.2,3.5,4.2,2.2,3.2,4.4,3.6,3.9,2.8,Yes,Yes,2.8,3.6,7.2,35.8,0.0,0.0,Yes,Yes,4.7,4-6 years,No,Left,Yes,3798.57,3896.0,3998.73,200.16,5.3,4.1,4.1,4.7,4.4,3.8,4.3,5.0
EMP261,Energy Analyst,Mid,Male,30-39,Senior,International,Lithuania,Hybrid,3.1,3.0,3.3,2.6,2.4,4.4,4.0,3.6,3.6,3.4,3.1,Yes,Yes,3.2,2.9,8.9,44.3,4.3,44.0,No,Yes,4.5,4-6 years,No,Left,Yes,3562.74,3534.97,3686.94,124.2,3.5,4.3,3.8,4.4,2.6,4.1,3.3,5.0
EMP262,Project Manager,Mid,Male,30-39,Senior,International,Lithuania,Mostly On-site,2.2,2.2,2.9,4.3,2.2,3.4,3.4,3.4,3.8,3.8,3.7,No,No,2.4,2.4,8.6,42.8,2.8,50.0,No,Yes,1.6,1-3 years,No,Left,Yes,4632.74,5081.22,5454.71,821.98,17.7,4.3,3.7,4.3,4.7,3.7,3.4,5.0
EMP263,Research Specialist,Mid,Female,30-39,Mid,International,Lithuania,Full Remote,4.0,4.8,3.2,4.6,3.7,3.9,2.9,3.3,3.0,3.2,2.9,No,No,2.6,3.4,7.7,38.7,0.0,0.0,No,Yes,3.8,1-3 years,No,Stayed,No,3498.71,3946.47,4343.63,844.91,24.1,4.4,4.1,4.1,4.7,4.3,3.3,5.0
EMP264,Project Manager,Senior,Male,50+,Manager,Local,Lithuania,Hybrid,2.7,5.0,3.1,3.8,3.6,4.9,4.3,4.2,3.5,4.9,3.1,Yes,Yes,2.8,4.1,8.1,40.4,0.4,25.0,No,Yes,3.9,1-3 years,Yes,Stayed,No,6054.09,7592.91,6686.83,632.75,10.5,3.0,4.1,3.9,3.2,2.3,3.3,4.7
EMP265,Research Specialist,Senior,Male,30-39,Manager,International,Lithuania,Mostly On-site,2.3,1.6,3.6,1.0,2.0,3.8,4.2,4.4,4.8,4.5,3.7,Yes,No,2.5,2.5,7.9,39.3,0.0,58.0,No,No,4.6,4-6 years,Yes,Stayed,No,5762.75,7143.62,6642.58,879.83,15.3,3.9,4.3,5.0,4.2,4.2,3.1,4.3
EMP266,Research Specialist,Mid,Female,30-39,Mid,Local,Lithuania,Mostly On-site,1.7,1.2,3.5,3.3,1.3,3.4,3.5,3.4,4.1,3.7,4.0,No,No,4.3,1.8,6.6,33.0,0.0,30.0,No,Yes,4.8,4-6 years,No,Stayed,No,3359.41,4244.49,4368.05,1008.64,30.0,2.5,2.6,3.6,1.4,3.4,4.2,3.8
EMP267,Research Specialist,Senior,Male,30-39,Senior,Local,Lithuania,Hybrid,3.5,3.9,4.8,1.5,3.6,3.6,3.9,3.8,3.0,2.7,2.7,Yes,Yes,3.1,2.9,7.0,35.1,0.0,18.0,No,No,3.0,1-3 years,No,Stayed,No,3113.44,3287.12,5261.85,2148.41,69.0,3.3,1.7,3.7,2.7,1.9,4.5,4.1
EMP268,Engineer,Senior,Male,30-39,Manager,Local,Lithuania,Mostly On-site,1.3,2.4,3.9,2.5,2.4,3.5,5.0,2.4,4.1,3.4,3.8,Yes,Yes,3.7,1.8,9.3,46.3,6.3,27.0,No,No,3.7,1-3 years,Yes,Stayed,No,5845.48,6504.1,9166.7,3321.23,56.8,3.4,3.5,3.8,1.5,1.7,3.4,3.0
EMP269,Project Manager,Expert,Male,40-49,Senior,Local,Outside Lithuania,Hybrid,3.3,3.4,3.5,4.3,4.0,3.7,3.6,4.6,3.1,3.4,2.2,No,Yes,3.2,2.9,8.7,43.6,3.6,29.0,No,Yes,2.0,1-3 years,No,Stayed,No,5277.02,5967.73,8575.18,3298.16,62.5,3.9,2.5,4.2,4.3,4.3,3.6,4.9
EMP270,Engineer,Mid,Female,30-39,Mid,International,Lithuania,Full Remote,4.3,4.9,1.3,2.7,4.5,3.0,2.3,2.9,3.5,3.3,3.6,Yes,No,3.5,3.7,7.6,37.9,0.0,0.0,No,No,4.7,4-6 years,No,Stayed,No,2708.38,3699.58,3853.93,1145.55,42.3,4.0,2.8,4.6,4.8,4.4,4.1,3.4
EMP271,Project Manager,Mid,Male,40-49,Executive,Local,Lithuania,Mostly On-site,2.5,3.3,4.5,3.7,2.7,3.2,3.4,5.0,4.1,3.4,3.5,No,No,3.0,3.5,7.2,35.8,0.0,84.0,No,No,4.5,4-6 years,No,Stayed,No,7125.66,6856.24,10293.94,3168.29,44.5,2.8,3.5,3.5,3.7,2.8,4.4,4.7
EMP272,Project Manager,Senior,Female,50+,Mid,Local,Lithuania,Mostly On-site,2.1,3.3,3.1,1.7,2.9,2.8,3.5,3.2,3.8,3.1,3.2,Yes,Yes,2.8,3.4,8.8,43.9,3.9,45.0,No,No,4.6,4-6 years,Yes,Left,Yes,3855.77,4114.36,5262.06,1406.29,36.5,2.6,2.9,3.1,2.4,2.0,3.6,4.1
EMP273,Research Specialist,Mid,Female,30-39,Senior,International,Lithuania,Mostly On-site,2.9,1.4,2.8,2.6,2.2,3.0,4.6,4.2,3.0,2.9,3.0,Yes,Yes,4.2,1.1,8.6,42.9,2.9,39.0,No,Yes,3.2,1-3 years,No,Stayed,No,4039.8,5004.21,4518.94,479.15,11.9,4.6,3.7,4.6,3.7,3.6,4.0,4.3
EMP274,Research Specialist,Mid,Female,40-49,Junior,Local,Lithuania,Mostly On-site,1.0,1.0,3.5,2.6,1.0,3.5,3.9,2.5,3.5,2.9,3.6,Yes,Yes,2.9,1.6,9.1,45.5,5.5,44.0,No,Yes,1.7,1-3 years,Yes,Left,Yes,2258.62,2361.24,2700.75,442.12,19.6,4.6,3.2,3.5,2.0,2.4,4.0,4.5
EMP275,Energy Analyst,Mid,Female,30-39,Senior,Local,Lithuania,Hybrid,3.7,4.2,1.3,2.9,3.6,4.2,5.0,3.9,3.8,3.0,3.2,Yes,Yes,2.8,4.0,8.3,41.6,1.6,19.0,Yes,Yes,2.7,1-3 years,No,Stayed,No,4211.62,4825.81,5174.19,962.57,22.9,4.1,3.9,3.0,3.3,2.6,4.3,4.0
EMP276,Project Manager,Expert,Female,20-29,Manager,Local,Lithuania,Hybrid,2.1,4.1,3.4,4.3,2.8,4.2,4.4,3.6,3.2,3.1,3.3,Yes,Yes,3.5,3.6,8.4,42.0,2.0,20.0,No,Yes,3.2,1-3 years,No,Stayed,No,6213.4,7819.24,9797.85,3584.45,57.7,3.8,3.2,2.7,3.2,3.9,4.8,4.2
EMP277,Research Specialist,Mid,Female,40-49,Senior,Local,Lithuania,Mostly On-site,1.7,2.3,1.9,1.2,2.3,2.6,5.0,4.0,4.1,4.3,4.4,No,Yes,2.7,2.4,8.8,43.9,3.9,48.0,Yes,No,2.3,1-3 years,Yes,Left,Yes,5241.3,6224.19,6139.86,898.56,17.1,3.0,2.8,4.8,3.3,3.7,4.6,3.2
EMP278,Engineer,Senior,Male,20-29,Junior,Local,Lithuania,Hybrid,4.4,3.8,2.5,2.3,3.5,3.5,4.4,3.0,3.7,2.2,4.3,No,Yes,3.4,3.2,7.0,35.1,0.0,30.0,No,Yes,6.2,4-6 years,No,Stayed,No,2330.34,2551.04,3405.3,1074.96,46.1,2.6,2.3,2.7,3.0,2.5,4.4,3.1
EMP279,Project Manager,Senior,Female,40-49,Junior,International,Lithuania,Mostly On-site,2.7,1.7,2.9,1.6,2.6,3.8,4.3,2.6,3.9,4.6,2.6,Yes,No,2.3,2.1,8.7,43.5,3.5,29.0,No,Yes,1.0,1-3 years,No,Stayed,No,1842.24,2465.19,2365.95,523.71,28.4,4.3,4.9,2.7,4.3,4.2,2.9,4.4
EMP280,Research Specialist,Mid,Male,20-29,Manager,Local,Lithuania,Mostly On-site,1.1,2.3,2.0,3.0,1.9,4.6,2.9,4.5,3.8,4.1,4.4,Yes,Yes,2.7,2.4,9.0,44.8,4.8,13.0,No,Yes,4.5,4-6 years,No,Stayed,No,4462.16,4275.07,4940.65,478.49,10.7,4.7,3.2,2.7,2.0,3.1,4.1,5.0
EMP281,Project Manager,Senior,Male,20-29,Mid,Local,Lithuania,Mostly On-site,2.6,2.8,4.1,2.2,3.2,4.1,3.9,3.8,3.7,3.2,3.3,Yes,No,4.6,2.3,8.2,40.9,0.9,54.0,No,Yes,1.5,1-3 years,No,Stayed,No,3328.86,4434.31,4690.43,1361.57,40.9,2.7,1.9,4.0,3.4,3.0,3.6,4.0
EMP282,Research Specialist,Senior,Male,40-49,Senior,Local,Lithuania,Hybrid,3.9,3.6,1.7,3.7,2.3,5.0,4.8,3.5,3.6,3.7,3.2,No,No,2.7,3.4,7.9,39.7,0.0,14.0,No,No,4.1,4-6 years,No,Left,Yes,4360.11,4859.93,6222.83,1862.72,42.7,2.1,3.4,3.6,3.0,2.8,5.0,3.5
EMP283,Energy Analyst,Senior,Male,20-29,Mid,International,Lithuania,Hybrid,3.2,3.5,4.0,3.1,4.2,4.8,4.1,3.2,3.4,3.6,2.8,Yes,No,3.2,3.9,8.2,40.8,0.8,41.0,No,No,4.2,4-6 years,No,Stayed,No,3086.67,2999.45,3866.01,779.33,25.2,3.3,3.9,4.9,4.1,3.7,3.6,4.0
EMP284,Engineer,Senior,Male,40-49,Senior,International,Lithuania,Full Remote,4.5,4.6,4.0,1.8,3.9,2.4,2.4,3.3,3.0,2.1,3.3,No,No,2.2,4.2,8.2,41.2,1.2,6.0,Yes,Yes,5.6,4-6 years,No,Stayed,No,3907.55,4611.22,4566.63,659.08,16.9,3.5,3.9,2.8,3.7,3.8,3.5,4.9
EMP285,Research Specialist,Senior,Male,30-39,Executive,International,Lithuania,Hybrid,3.7,3.6,4.5,1.9,3.6,4.2,5.0,3.3,3.5,4.0,3.7,No,No,2.6,3.7,7.9,39.5,0.0,17.0,Yes,Yes,2.1,1-3 years,No,Stayed,No,7616.12,7745.61,10142.24,2526.12,33.2,4.1,4.1,4.2,3.0,4.5,3.5,5.0
EMP286,Engineer,Senior,Male,40-49,Senior,International,Outside Lithuania,Full Remote,5.0,4.3,4.1,3.0,4.3,4.1,2.5,4.6,2.4,2.6,2.8,No,Yes,2.9,3.7,8.8,43.8,3.8,4.0,No,Yes,5.0,4-6 years,No,Left,No,5109.02,5270.35,6016.63,907.61,17.8,5.0,4.0,3.7,3.0,4.2,3.9,5.0
EMP287,Energy Analyst,Expert,Female,40-49,Senior,Local,Lithuania,Hybrid,4.7,3.2,4.1,2.6,3.8,3.9,4.2,3.5,3.0,3.1,2.8,Yes,Yes,2.9,2.8,8.3,41.5,1.5,22.0,No,Yes,3.8,1-3 years,No,Stayed,No,4381.22,5433.93,6227.18,1845.96,42.1,4.2,3.9,2.9,3.8,3.8,3.6,4.5
EMP288,Project Manager,Expert,Male,20-29,Mid,Local,Lithuania,Hybrid,4.1,2.2,3.1,3.3,2.5,4.1,3.7,3.0,3.0,2.6,3.9,Yes,Yes,3.9,1.5,7.9,39.4,0.0,41.0,No,Yes,4.8,4-6 years,No,Stayed,No,3733.55,4278.67,6339.43,2605.88,69.8,2.2,4.1,3.7,2.5,2.6,4.7,2.0
EMP289,Research Specialist,Senior,Female,30-39,Mid,International,Lithuania,Full Remote,4.7,3.8,3.0,3.0,4.2,2.6,2.7,3.4,3.2,3.4,3.2,No,No,2.2,4.2,8.9,44.7,4.7,1.0,Yes,Yes,2.6,1-3 years,No,Stayed,No,3345.5,3639.3,4445.93,1100.43,32.9,3.8,4.0,3.0,3.7,4.0,3.3,3.7
EMP290,Research Specialist,Senior,Male,40-49,Mid,Local,Lithuania,Hybrid,4.1,2.9,4.1,1.3,3.6,4.3,3.1,3.3,4.1,4.1,4.7,Yes,Yes,2.7,2.7,8.2,40.9,0.9,10.0,No,No,4.5,4-6 years,No,Stayed,No,3118.97,3948.6,5387.92,2268.95,72.7,3.8,3.9,4.4,3.3,3.6,4.1,3.9
EMP291,Research Specialist,Mid,Male,30-39,Mid,International,Lithuania,Full Remote,3.2,4.4,3.0,3.4,3.0,3.1,2.7,2.9,3.1,3.1,3.5,Yes,No,2.6,4.4,8.2,40.9,0.9,3.0,No,Yes,4.9,4-6 years,No,Stayed,No,2854.39,3018.19,3395.48,541.09,19.0,4.6,4.4,4.5,3.7,4.4,4.5,4.5
EMP292,Research Specialist,Senior,Female,20-29,Mid,International,Lithuania,Full Remote,3.6,4.6,2.2,2.4,4.1,2.0,2.6,3.7,4.0,3.8,3.0,Yes,No,2.0,4.4,8.8,43.9,3.9,0.0,No,Yes,3.5,1-3 years,Yes,Stayed,No,2816.72,3852.52,3634.43,817.71,29.0,4.1,4.6,3.6,4.8,4.1,3.0,3.4
EMP293,Research Specialist,Senior,Male,20-29,Senior,Local,Lithuania,Mostly On-site,2.2,2.4,4.9,3.2,1.6,3.5,4.1,3.8,3.5,3.6,3.7,Yes,Yes,3.5,3.1,8.5,42.7,2.7,98.0,No,Yes,4.7,4-6 years,No,Stayed,No,5800.69,7125.56,9582.81,3782.12,65.2,2.8,2.1,3.0,4.2,3.1,3.5,3.9
EMP294,Energy Analyst,Expert,Male,50+,Mid,Local,Lithuania,Hybrid,3.8,2.6,3.5,2.4,2.8,3.8,3.2,4.3,4.7,3.3,4.6,Yes,Yes,1.3,3.5,7.2,35.9,0.0,3.0,No,No,5.8,4-6 years,No,Stayed,No,2143.03,2752.24,2500.59,357.55,16.7,2.7,3.8,2.7,2.4,2.0,3.9,4.6
EMP295,Project Manager,Senior,Male,30-39,Senior,International,Lithuania,Full Remote,5.0,4.1,2.8,2.2,4.1,3.1,3.3,4.0,3.0,3.5,3.3,No,Yes,1.8,4.0,8.2,41.0,1.0,3.0,No,Yes,5.2,4-6 years,No,Stayed,No,4638.52,4925.98,6135.53,1497.01,32.3,3.0,4.6,3.6,3.8,4.2,4.2,3.8
EMP296,Project Manager,Mid,Female,30-39,Junior,Local,Lithuania,Hybrid,3.9,4.6,3.2,2.9,4.0,4.8,4.1,2.8,4.4,3.7,3.3,Yes,Yes,2.4,3.9,7.6,37.8,0.0,23.0,No,Yes,3.9,1-3 years,No,Stayed,No,2319.78,3339.25,4315.08,1995.3,86.0,3.3,3.3,2.8,2.8,2.2,4.2,3.5
EMP297,Engineer,Expert,Male,40-49,Manager,Local,Lithuania,Mostly On-site,1.0,1.7,4.8,2.7,2.0,3.8,3.5,2.7,3.5,1.9,4.2,Yes,Yes,3.0,2.5,7.1,35.3,0.0,44.0,No,No,2.6,1-3 years,No,Stayed,No,5995.62,7072.45,9157.32,3161.7,52.7,2.8,3.9,3.7,3.3,2.3,5.0,4.6
EMP298,Research Specialist,Senior,Male,40-49,Senior,International,Lithuania,Full Remote,3.8,4.4,3.6,3.1,3.9,3.0,1.9,3.5,3.6,3.0,3.0,Yes,Yes,1.7,5.0,8.8,43.8,3.8,12.0,No,No,4.0,1-3 years,No,Stayed,No,4992.06,5594.12,5943.46,951.4,19.1,4.0,4.7,3.3,4.3,3.6,4.3,5.0
EMP299,Energy Analyst,Senior,Male,50+,Mid,Local,Lithuania,Hybrid,4.1,3.9,2.8,2.8,4.4,4.2,5.0,4.4,3.0,3.3,3.0,No,No,4.2,3.2,7.4,37.2,0.0,20.0,No,Yes,4.5,4-6 years,No,Stayed,No,2758.51,2968.44,4660.55,1902.04,69.0,2.1,2.4,2.9,2.9,2.1,5.0,2.9
EMP300,Energy Analyst,Senior,Female,20-29,Senior,International,Lithuania,Full Remote,5.0,4.6,3.8,3.0,4.2,3.9,3.2,4.4,3.1,3.8,3.2,Yes,Yes,3.7,3.7,7.1,35.3,0.0,0.0,No,Yes,6.1,4-6 years,No,Stayed,No,4456.87,5497.51,5783.94,1327.07,29.8,4.8,5.0,3.8,3.5,3.6,4.0,4.5
